#
# There is insufficient memory for the Java Runtime Environment to continue.
# Native memory allocation (mmap) failed to map 88080384 bytes. Error detail: G1 virtual space
# Possible reasons:
#   The system is out of physical RAM or swap space
#   This process is running with CompressedOops enabled, and the Java Heap may be blocking the growth of the native heap
# Possible solutions:
#   Reduce memory load on the system
#   Increase physical memory or swap space
#   Check if swap backing store is full
#   Decrease Java heap size (-Xmx/-Xms)
#   Decrease number of Java threads
#   Decrease Java thread stack sizes (-Xss)
#   Set larger code cache with -XX:ReservedCodeCacheSize=
#   JVM is running with Zero Based Compressed Oops mode in which the Java heap is
#     placed in the first 32GB address space. The Java Heap base address is the
#     maximum limit for the native heap growth. Please use -XX:HeapBaseMinAddress
#     to set the Java Heap base and to place the Java Heap above 32GB virtual address.
# This output file may be truncated or incomplete.
#
#  Out of Memory Error (os_windows.cpp:3766), pid=15248, tid=9912
#
# JRE version: OpenJDK Runtime Environment (25.0.3) (build 25.0.3+-15898627-b508.16)
# Java VM: OpenJDK 64-Bit Server VM (25.0.3+-15898627-b508.16, mixed mode, tiered, compressed oops, compressed class ptrs, g1 gc, windows-amd64)
# No core dump will be written. Minidumps are not enabled by default on client versions of Windows
#

---------------  S U M M A R Y ------------

Command Line: --add-opens=java.base/java.lang=ALL-UNNAMED --add-opens=java.base/java.lang.invoke=ALL-UNNAMED --add-opens=java.base/java.util=ALL-UNNAMED --add-opens=java.prefs/java.util.prefs=ALL-UNNAMED --add-exports=jdk.compiler/com.sun.tools.javac.api=ALL-UNNAMED --add-exports=jdk.compiler/com.sun.tools.javac.util=ALL-UNNAMED --add-opens=java.base/java.util=ALL-UNNAMED --add-opens=java.prefs/java.util.prefs=ALL-UNNAMED --add-opens=java.base/java.nio.charset=ALL-UNNAMED --add-opens=java.base/java.net=ALL-UNNAMED --add-opens=java.base/java.util.concurrent=ALL-UNNAMED --add-opens=java.base/java.util.concurrent.atomic=ALL-UNNAMED --add-opens=java.xml/javax.xml.namespace=ALL-UNNAMED --add-opens=java.base/java.time=ALL-UNNAMED --enable-native-access=ALL-UNNAMED -Xmx4g -Dfile.encoding=UTF-8 -Duser.country=US -Duser.language=en -Duser.variant -javaagent:C:\Users\Windows_11\.gradle\wrapper\dists\gradle-9.3.1-bin\23ovyewtku6u96viwx3xl3oks\gradle-9.3.1\lib\agents\gradle-instrumentation-agent-9.3.1.jar org.gradle.launcher.daemon.bootstrap.GradleDaemon 9.3.1

Host: Intel(R) Core(TM) i3-1005G1 CPU @ 1.20GHz, 4 cores, 7G,  Windows 11 , 64 bit Build 26100 (10.0.26100.9444)
Time: Sat Oct  3 23:19:39 2026 India Standard Time elapsed time: 23.651174 seconds (0d 0h 0m 23s)

---------------  T H R E A D  ---------------

Current thread (0x000001a128932910):  VMThread "VM Thread"          [id=9912, stack(0x00000037aba00000,0x00000037abb00000) (1024K)]

Stack: [0x00000037aba00000,0x00000037abb00000]
Native frames: (J=compiled Java code, j=interpreted, Vv=VM code, C=native code)
V  [jvm.dll+0x7bf039]  (no source info available)
V  [jvm.dll+0x78912d]  (no source info available)
V  [jvm.dll+0xa0e615]  (no source info available)
V  [jvm.dll+0xa10c94]  (no source info available)
V  [jvm.dll+0xa11393]  (no source info available)
V  [jvm.dll+0x30a116]  (no source info available)
V  [jvm.dll+0x7bb145]  (no source info available)
V  [jvm.dll+0x7adc17]  (no source info available)
V  [jvm.dll+0x3fea3b]  (no source info available)
V  [jvm.dll+0x406bf6]  (no source info available)
V  [jvm.dll+0x3f30a6]  (no source info available)
V  [jvm.dll+0x3f3388]  (no source info available)
V  [jvm.dll+0x3c8622]  (no source info available)
V  [jvm.dll+0x3c86ba]  (no source info available)
V  [jvm.dll+0x417e60]  (no source info available)
V  [jvm.dll+0x416781]  (no source info available)
V  [jvm.dll+0x3c7d57]  (no source info available)
V  [jvm.dll+0x415bbf]  (no source info available)
V  [jvm.dll+0xa1765a]  (no source info available)
V  [jvm.dll+0xa18961]  (no source info available)
V  [jvm.dll+0xa18ed8]  (no source info available)
V  [jvm.dll+0xa19163]  (no source info available)
V  [jvm.dll+0x9ad738]  (no source info available)
V  [jvm.dll+0x7bd585]  (no source info available)
C  [ucrtbase.dll+0x2cd30]  (no source info available)
C  [KERNEL32.DLL+0x2cd87]  (no source info available)
C  [ntdll.dll+0xacaec]  (no source info available)

VM_Operation (0x00000037acff6078): G1CollectForAllocation, mode: safepoint, requested by thread 0x000001a12f6e06d0


---------------  P R O C E S S  ---------------

Threads class SMR info:
_java_thread_list=0x000001a12fe5dec0, length=46, elements={
0x000001a10ca9f180, 0x000001a12895aeb0, 0x000001a128995010, 0x000001a12896cf70,
0x000001a12897aeb0, 0x000001a12897ba70, 0x000001a128978790, 0x000001a12896f6b0,
0x000001a1289a6930, 0x000001a1289ab150, 0x000001a128e1ea40, 0x000001a12f677420,
0x000001a12f5a48d0, 0x000001a12f6d5f70, 0x000001a12f6d51e0, 0x000001a12f736540,
0x000001a12f6def60, 0x000001a12f6e06d0, 0x000001a12f6e1e40, 0x000001a12f6e2610,
0x000001a12f6df730, 0x000001a12f6e4550, 0x000001a12f6e4d20, 0x000001a12f6e5cc0,
0x000001a12fc53000, 0x000001a12fc537d0, 0x000001a12fc52830, 0x000001a12fc566b0,
0x000001a12fc57e20, 0x000001a12fc58dc0, 0x000001a12fc56e80, 0x000001a12da33490,
0x000001a12de1b500, 0x000001a12de195c0, 0x000001a12de1a560, 0x000001a12de1ad30,
0x000001a12da324f0, 0x000001a12da33c60, 0x000001a12da30d80, 0x000001a12da353d0,
0x000001a12e752e50, 0x000001a12e74f7a0, 0x000001a12e750740, 0x000001a12e74ff70,
0x000001a12e754d90, 0x000001a12e7545c0
}

Java Threads: ( => current thread )
  0x000001a10ca9f180 JavaThread "main"                              [_thread_blocked, id=14100, stack(0x00000037ab300000,0x00000037ab400000) (1024K)]
  0x000001a12895aeb0 JavaThread "Common-Cleaner"             daemon [_thread_blocked, id=11272, stack(0x00000037abb00000,0x00000037abc00000) (1024K)]
  0x000001a128995010 JavaThread "Reference Handler"          daemon [_thread_blocked, id=9864, stack(0x00000037abc00000,0x00000037abd00000) (1024K)]
  0x000001a12896cf70 JavaThread "Finalizer"                  daemon [_thread_blocked, id=17708, stack(0x00000037abd00000,0x00000037abe00000) (1024K)]
  0x000001a12897aeb0 JavaThread "Signal Dispatcher"          daemon [_thread_blocked, id=7772, stack(0x00000037abe00000,0x00000037abf00000) (1024K)]
  0x000001a12897ba70 JavaThread "Attach Listener"            daemon [_thread_blocked, id=19132, stack(0x00000037abf00000,0x00000037ac000000) (1024K)]
  0x000001a128978790 JavaThread "Service Thread"             daemon [_thread_blocked, id=4964, stack(0x00000037ac000000,0x00000037ac100000) (1024K)]
  0x000001a12896f6b0 JavaThread "Monitor Deflation Thread"   daemon [_thread_blocked, id=7916, stack(0x00000037ac100000,0x00000037ac200000) (1024K)]
  0x000001a1289a6930 JavaThread "C2 CompilerThread0"         daemon [_thread_blocked, id=15292, stack(0x00000037ac200000,0x00000037ac300000) (1024K)]
  0x000001a1289ab150 JavaThread "C1 CompilerThread0"         daemon [_thread_blocked, id=20208, stack(0x00000037ac300000,0x00000037ac400000) (1024K)]
  0x000001a128e1ea40 JavaThread "Notification Thread"        daemon [_thread_blocked, id=21232, stack(0x00000037ac400000,0x00000037ac500000) (1024K)]
  0x000001a12f677420 JavaThread "Daemon health stats"               [_thread_blocked, id=20228, stack(0x00000037ac900000,0x00000037aca00000) (1024K)]
  0x000001a12f5a48d0 JavaThread "Incoming local TCP Connector on port 62270"        [_thread_in_native, id=4436, stack(0x00000037aca00000,0x00000037acb00000) (1024K)]
  0x000001a12f6d5f70 JavaThread "Daemon periodic checks"            [_thread_blocked, id=13364, stack(0x00000037acb00000,0x00000037acc00000) (1024K)]
  0x000001a12f6d51e0 JavaThread "Daemon"                            [_thread_blocked, id=15976, stack(0x00000037acc00000,0x00000037acd00000) (1024K)]
  0x000001a12f736540 JavaThread "Handler for socket connection from /127.0.0.1:62270 to /127.0.0.1:62271"        [_thread_in_native, id=10080, stack(0x00000037acd00000,0x00000037ace00000) (1024K)]
  0x000001a12f6def60 JavaThread "Cancel handler"                    [_thread_blocked, id=6896, stack(0x00000037ace00000,0x00000037acf00000) (1024K)]
  0x000001a12f6e06d0 JavaThread "Daemon worker"                     [_thread_blocked, id=18364, stack(0x00000037acf00000,0x00000037ad000000) (1024K)]
  0x000001a12f6e1e40 JavaThread "Asynchronous log dispatcher for DefaultDaemonConnection: socket connection from /127.0.0.1:62270 to /127.0.0.1:62271"        [_thread_blocked, id=20316, stack(0x00000037ad000000,0x00000037ad100000) (1024K)]
  0x000001a12f6e2610 JavaThread "Stdin handler"                     [_thread_blocked, id=14724, stack(0x00000037ad100000,0x00000037ad200000) (1024K)]
  0x000001a12f6df730 JavaThread "Daemon client event forwarder"        [_thread_blocked, id=9324, stack(0x00000037ad200000,0x00000037ad300000) (1024K)]
  0x000001a12f6e4550 JavaThread "Cache worker for journal cache (C:\Users\Windows_11\.gradle\caches\journal-1)"        [_thread_blocked, id=9776, stack(0x00000037ad300000,0x00000037ad400000) (1024K)]
  0x000001a12f6e4d20 JavaThread "File lock request listener"        [_thread_in_native, id=17124, stack(0x00000037ad400000,0x00000037ad500000) (1024K)]
  0x000001a12f6e5cc0 JavaThread "Cache worker for file hash cache (C:\Users\Windows_11\.gradle\caches\9.3.1\fileHashes)"        [_thread_blocked, id=4052, stack(0x00000037ad500000,0x00000037ad600000) (1024K)]
  0x000001a12fc53000 JavaThread "Cache worker for file hash cache (C:\Users\Windows_11\Downloads\biodata-maker (1)\.gradle\9.3.1\fileHashes)"        [_thread_blocked, id=680, stack(0x00000037ad600000,0x00000037ad700000) (1024K)]
  0x000001a12fc537d0 JavaThread "Cache worker for Build Output Cleanup Cache (C:\Users\Windows_11\Downloads\biodata-maker (1)\.gradle\buildOutputCleanup)"        [_thread_blocked, id=7540, stack(0x00000037ad700000,0x00000037ad800000) (1024K)]
  0x000001a12fc52830 JavaThread "File watcher server"        daemon [_thread_in_native, id=3996, stack(0x00000037ad800000,0x00000037ad900000) (1024K)]
  0x000001a12fc566b0 JavaThread "File watcher consumer"      daemon [_thread_blocked, id=4076, stack(0x00000037ad900000,0x00000037ada00000) (1024K)]
  0x000001a12fc57e20 JavaThread "jar transforms"                    [_thread_blocked, id=16124, stack(0x00000037ac500000,0x00000037ac600000) (1024K)]
  0x000001a12fc58dc0 JavaThread "jar transforms Thread 2"           [_thread_blocked, id=15088, stack(0x00000037ada00000,0x00000037adb00000) (1024K)]
  0x000001a12fc56e80 JavaThread "jar transforms Thread 3"           [_thread_blocked, id=1336, stack(0x00000037adb00000,0x00000037adc00000) (1024K)]
  0x000001a12da33490 JavaThread "jar transforms Thread 4"           [_thread_blocked, id=21352, stack(0x00000037adc00000,0x00000037add00000) (1024K)]
  0x000001a12de1b500 JavaThread "Cache worker for checksums cache (C:\Users\Windows_11\Downloads\biodata-maker (1)\.gradle\9.3.1\checksums)"        [_thread_blocked, id=19572, stack(0x00000037add00000,0x00000037ade00000) (1024K)]
  0x000001a12de195c0 JavaThread "Cache worker for file content cache (C:\Users\Windows_11\.gradle\caches\9.3.1\fileContent)"        [_thread_blocked, id=152, stack(0x00000037ade00000,0x00000037adf00000) (1024K)]
  0x000001a12de1a560 JavaThread "Cache worker for cache directory md-supplier (C:\Users\Windows_11\.gradle\caches\9.3.1\md-supplier)"        [_thread_blocked, id=19096, stack(0x00000037adf00000,0x00000037ae000000) (1024K)]
  0x000001a12de1ad30 JavaThread "Cache worker for cache directory md-rule (C:\Users\Windows_11\.gradle\caches\9.3.1\md-rule)"        [_thread_blocked, id=6876, stack(0x00000037ae000000,0x00000037ae100000) (1024K)]
  0x000001a12da324f0 JavaThread "Unconstrained build operations"        [_thread_blocked, id=4928, stack(0x00000037ae100000,0x00000037ae200000) (1024K)]
  0x000001a12da33c60 JavaThread "Unconstrained build operations Thread 2"        [_thread_blocked, id=16332, stack(0x00000037ae200000,0x00000037ae300000) (1024K)]
  0x000001a12da30d80 JavaThread "Unconstrained build operations Thread 3"        [_thread_blocked, id=21132, stack(0x00000037ae300000,0x00000037ae400000) (1024K)]
  0x000001a12da353d0 JavaThread "Unconstrained build operations Thread 4"        [_thread_blocked, id=17768, stack(0x00000037ae400000,0x00000037ae500000) (1024K)]
  0x000001a12e752e50 JavaThread "Unconstrained build operations Thread 5"        [_thread_blocked, id=20536, stack(0x00000037ae500000,0x00000037ae600000) (1024K)]
  0x000001a12e74f7a0 JavaThread "Unconstrained build operations Thread 6"        [_thread_blocked, id=20188, stack(0x00000037ae600000,0x00000037ae700000) (1024K)]
  0x000001a12e750740 JavaThread "Unconstrained build operations Thread 7"        [_thread_blocked, id=17740, stack(0x00000037ae700000,0x00000037ae800000) (1024K)]
  0x000001a12e74ff70 JavaThread "Unconstrained build operations Thread 8"        [_thread_blocked, id=3288, stack(0x00000037ae800000,0x00000037ae900000) (1024K)]
  0x000001a12e754d90 JavaThread "Unconstrained build operations Thread 9"        [_thread_blocked, id=16180, stack(0x00000037ae900000,0x00000037aea00000) (1024K)]
  0x000001a12e7545c0 JavaThread "Unconstrained build operations Thread 10"        [_thread_blocked, id=18092, stack(0x00000037aea00000,0x00000037aeb00000) (1024K)]
Total: 46

Other Threads:
=>0x000001a128932910 VMThread "VM Thread"                           [id=9912, stack(0x00000037aba00000,0x00000037abb00000) (1024K)]
  0x000001a1288f3ee0 WatcherThread "VM Periodic Task Thread"        [id=20220, stack(0x00000037ab900000,0x00000037aba00000) (1024K)]
  0x000001a10eeea8b0 WorkerThread "GC Thread#0"                     [id=19172, stack(0x00000037ab400000,0x00000037ab500000) (1024K)]
  0x000001a12d384330 WorkerThread "GC Thread#1"                     [id=19144, stack(0x00000037ac600000,0x00000037ac700000) (1024K)]
  0x000001a12d389ce0 WorkerThread "GC Thread#2"                     [id=3284, stack(0x00000037ac700000,0x00000037ac800000) (1024K)]
  0x000001a12d1d93b0 WorkerThread "GC Thread#3"                     [id=6056, stack(0x00000037ac800000,0x00000037ac900000) (1024K)]
  0x000001a10ef04190 ConcurrentGCThread "G1 Main Marker"            [id=16792, stack(0x00000037ab500000,0x00000037ab600000) (1024K)]
  0x000001a10ef05c10 WorkerThread "G1 Conc#0"                       [id=9000, stack(0x00000037ab600000,0x00000037ab700000) (1024K)]
  0x000001a1287c7b80 ConcurrentGCThread "G1 Refine#0"               [id=9376, stack(0x00000037ab700000,0x00000037ab800000) (1024K)]
  0x000001a1287ca450 ConcurrentGCThread "G1 Service"                [id=6752, stack(0x00000037ab800000,0x00000037ab900000) (1024K)]
Total: 10

Threads with active compile tasks:
Total: 0

VM state: at safepoint (normal execution)

VM Mutex/Monitor currently owned by a thread:  ([mutex/lock_event])
[0x00007fff13257928] Threads_lock - owner thread: 0x000001a128932910
[0x00007fff13257aa8] Heap_lock - owner thread: 0x000001a12f6e06d0

Heap address: 0x0000000700000000, size: 4096 MB, Compressed Oops mode: Zero based, Oop shift amount: 3

CDS archive(s) not mapped
Compressed class space mapped at: 0x0000000089000000-0x00000000c9000000, reserved size: 1073741824
UseCompressedClassPointers 1, UseCompactObjectHeaders 0
Narrow klass pointer bits 32, Max shift 3
Narrow klass base: 0x0000000000000000, Narrow klass shift: 0
Encoding Range: [0x0000000000000000 - 0x0000000100000000), (4294967296 bytes)
Klass Range:    [0x0000000089000000 - 0x00000000c9000000), (1073741824 bytes)
Klass ID Range:  [2298478592 - 3372220409) (1073741817)
No protection zone.

GC Precious Log:
 CardTable entry size: 512
 Card Set container configuration: InlinePtr #cards 4 size 8 Array Of Cards #cards 16 size 48 Howl #buckets 8 coarsen threshold 3686 Howl Bitmap #cards 512 size 80 coarsen threshold 460 Card regions per heap region 1 cards per card region 4096
 CPUs: 4 total, 4 available
 Memory: 7934M
 Large Page Support: Disabled
 NUMA Support: Disabled
 Compressed Oops: Enabled (Zero based)
 Heap Region Size: 2M
 Heap Min Capacity: 8M
 Heap Initial Capacity: 124M
 Heap Max Capacity: 4G
 Pre-touch: Disabled
 Parallel Workers: 4
 Concurrent Workers: 1
 Concurrent Refinement Workers: 4
 Periodic GC: Disabled

Heap:
 garbage-first heap   total reserved 4194304K, committed 425984K, used 102167K [0x0000000700000000, 0x0000000800000000)
  region size 2048K, 9 young (18432K), 9 survivors (18432K)

Heap Regions: E=young(eden), S=young(survivor), O=old, HS=humongous(starts), HC=humongous(continues), CS=collection set, F=free, TAMS=top-at-mark-start, PB=parsable bottom
|   0|0x0000000700000000, 0x0000000700200000, 0x0000000700200000|100%|HS|  |TAMS 0x0000000700000000| PB 0x0000000700000000| Complete |  0
|   1|0x0000000700200000, 0x0000000700400000, 0x0000000700400000|100%|HC|  |TAMS 0x0000000700200000| PB 0x0000000700200000| Complete |  0
|   2|0x0000000700400000, 0x0000000700600000, 0x0000000700600000|100%| O|  |TAMS 0x0000000700400000| PB 0x0000000700400000| Untracked |  0
|   3|0x0000000700600000, 0x0000000700800000, 0x0000000700800000|100%| O|  |TAMS 0x0000000700600000| PB 0x0000000700600000| Untracked |  0
|   4|0x0000000700800000, 0x0000000700a00000, 0x0000000700a00000|100%| O|  |TAMS 0x0000000700800000| PB 0x0000000700800000| Untracked |  0
|   5|0x0000000700a00000, 0x0000000700c00000, 0x0000000700c00000|100%| O|  |TAMS 0x0000000700a00000| PB 0x0000000700a00000| Untracked |  0
|   6|0x0000000700c00000, 0x0000000700e00000, 0x0000000700e00000|100%| O|  |TAMS 0x0000000700c00000| PB 0x0000000700c00000| Untracked |  0
|   7|0x0000000700e00000, 0x0000000701000000, 0x0000000701000000|100%| O|  |TAMS 0x0000000700e00000| PB 0x0000000700e00000| Untracked |  0
|   8|0x0000000701000000, 0x0000000701200000, 0x0000000701200000|100%| O|  |TAMS 0x0000000701000000| PB 0x0000000701000000| Untracked |  0
|   9|0x0000000701200000, 0x0000000701400000, 0x0000000701400000|100%| O|  |TAMS 0x0000000701200000| PB 0x0000000701200000| Untracked |  0
|  10|0x0000000701400000, 0x0000000701600000, 0x0000000701600000|100%| O|  |TAMS 0x0000000701400000| PB 0x0000000701400000| Untracked |  0
|  11|0x0000000701600000, 0x0000000701800000, 0x0000000701800000|100%| O|  |TAMS 0x0000000701600000| PB 0x0000000701600000| Untracked |  0
|  12|0x0000000701800000, 0x0000000701a00000, 0x0000000701a00000|100%|HS|  |TAMS 0x0000000701800000| PB 0x0000000701800000| Complete |  0
|  13|0x0000000701a00000, 0x0000000701c00000, 0x0000000701c00000|100%|HC|  |TAMS 0x0000000701a00000| PB 0x0000000701a00000| Complete |  0
|  14|0x0000000701c00000, 0x0000000701e00000, 0x0000000701e00000|100%|HC|  |TAMS 0x0000000701c00000| PB 0x0000000701c00000| Complete |  0
|  15|0x0000000701e00000, 0x0000000702000000, 0x0000000702000000|100%| O|  |TAMS 0x0000000701e00000| PB 0x0000000701e00000| Untracked |  0
|  16|0x0000000702000000, 0x0000000702200000, 0x0000000702200000|100%| O|  |TAMS 0x0000000702000000| PB 0x0000000702000000| Untracked |  0
|  17|0x0000000702200000, 0x0000000702400000, 0x0000000702400000|100%| O|  |TAMS 0x0000000702200000| PB 0x0000000702200000| Untracked |  0
|  18|0x0000000702400000, 0x0000000702600000, 0x0000000702600000|100%|HS|  |TAMS 0x0000000702400000| PB 0x0000000702400000| Complete |  0
|  19|0x0000000702600000, 0x0000000702800000, 0x0000000702800000|100%|HC|  |TAMS 0x0000000702600000| PB 0x0000000702600000| Complete |  0
|  20|0x0000000702800000, 0x0000000702a00000, 0x0000000702a00000|100%|HC|  |TAMS 0x0000000702800000| PB 0x0000000702800000| Complete |  0
|  21|0x0000000702a00000, 0x0000000702c00000, 0x0000000702c00000|100%| O|  |TAMS 0x0000000702a00000| PB 0x0000000702a00000| Untracked |  0
|  22|0x0000000702c00000, 0x0000000702e00000, 0x0000000702e00000|100%| O|  |TAMS 0x0000000702c00000| PB 0x0000000702c00000| Untracked |  0
|  23|0x0000000702e00000, 0x0000000703000000, 0x0000000703000000|100%| O|  |TAMS 0x0000000702e00000| PB 0x0000000702e00000| Untracked |  0
|  24|0x0000000703000000, 0x0000000703200000, 0x0000000703200000|100%| O|  |TAMS 0x0000000703000000| PB 0x0000000703000000| Untracked |  0
|  25|0x0000000703200000, 0x0000000703400000, 0x0000000703400000|100%| O|  |TAMS 0x0000000703200000| PB 0x0000000703200000| Untracked |  0
|  26|0x0000000703400000, 0x0000000703600000, 0x0000000703600000|100%| O|  |TAMS 0x0000000703400000| PB 0x0000000703400000| Untracked |  0
|  27|0x0000000703600000, 0x0000000703800000, 0x0000000703800000|100%| O|  |TAMS 0x0000000703600000| PB 0x0000000703600000| Untracked |  0
|  28|0x0000000703800000, 0x0000000703a00000, 0x0000000703a00000|100%| O|  |TAMS 0x0000000703800000| PB 0x0000000703800000| Untracked |  0
|  29|0x0000000703a00000, 0x0000000703c00000, 0x0000000703c00000|100%| O|  |TAMS 0x0000000703a00000| PB 0x0000000703a00000| Untracked |  0
|  30|0x0000000703c00000, 0x0000000703e00000, 0x0000000703e00000|100%| O|  |TAMS 0x0000000703c00000| PB 0x0000000703c00000| Untracked |  0
|  31|0x0000000703e00000, 0x0000000703e70100, 0x0000000704000000| 21%| O|  |TAMS 0x0000000703e00000| PB 0x0000000703e00000| Untracked |  0
|  32|0x0000000704000000, 0x0000000704200000, 0x0000000704200000|100%| O|  |TAMS 0x0000000704000000| PB 0x0000000704000000| Untracked |  0
|  33|0x0000000704200000, 0x0000000704400000, 0x0000000704400000|100%| O|  |TAMS 0x0000000704200000| PB 0x0000000704200000| Untracked |  0
|  34|0x0000000704400000, 0x0000000704600000, 0x0000000704600000|100%| O|  |TAMS 0x0000000704400000| PB 0x0000000704400000| Untracked |  0
|  35|0x0000000704600000, 0x0000000704800000, 0x0000000704800000|100%| O|  |TAMS 0x0000000704600000| PB 0x0000000704600000| Untracked |  0
|  36|0x0000000704800000, 0x00000007049e6a08, 0x0000000704a00000| 95%| O|  |TAMS 0x0000000704800000| PB 0x0000000704800000| Untracked |  0
|  37|0x0000000704a00000, 0x0000000704a00000, 0x0000000704c00000|  0%| F|  |TAMS 0x0000000704a00000| PB 0x0000000704a00000| Untracked |  0
|  38|0x0000000704c00000, 0x0000000704c00000, 0x0000000704e00000|  0%| F|  |TAMS 0x0000000704c00000| PB 0x0000000704c00000| Untracked |  0
|  39|0x0000000704e00000, 0x0000000704e00000, 0x0000000705000000|  0%| F|  |TAMS 0x0000000704e00000| PB 0x0000000704e00000| Untracked |  0
|  40|0x0000000705000000, 0x0000000705000000, 0x0000000705200000|  0%| F|  |TAMS 0x0000000705000000| PB 0x0000000705000000| Untracked |  0
|  41|0x0000000705200000, 0x0000000705200000, 0x0000000705400000|  0%| F|  |TAMS 0x0000000705200000| PB 0x0000000705200000| Untracked |  0
|  42|0x0000000705400000, 0x0000000705400000, 0x0000000705600000|  0%| F|  |TAMS 0x0000000705400000| PB 0x0000000705400000| Untracked |  0
|  43|0x0000000705600000, 0x0000000705600000, 0x0000000705800000|  0%| F|  |TAMS 0x0000000705600000| PB 0x0000000705600000| Untracked |  0
|  44|0x0000000705800000, 0x0000000705800000, 0x0000000705a00000|  0%| F|  |TAMS 0x0000000705800000| PB 0x0000000705800000| Untracked |  0
|  45|0x0000000705a00000, 0x0000000705a00000, 0x0000000705c00000|  0%| F|  |TAMS 0x0000000705a00000| PB 0x0000000705a00000| Untracked |  0
|  46|0x0000000705c00000, 0x0000000705c00000, 0x0000000705e00000|  0%| F|  |TAMS 0x0000000705c00000| PB 0x0000000705c00000| Untracked |  0
|  47|0x0000000705e00000, 0x0000000705e00000, 0x0000000706000000|  0%| F|  |TAMS 0x0000000705e00000| PB 0x0000000705e00000| Untracked |  0
|  48|0x0000000706000000, 0x0000000706000000, 0x0000000706200000|  0%| F|  |TAMS 0x0000000706000000| PB 0x0000000706000000| Untracked |  0
|  49|0x0000000706200000, 0x0000000706200000, 0x0000000706400000|  0%| F|  |TAMS 0x0000000706200000| PB 0x0000000706200000| Untracked |  0
|  50|0x0000000706400000, 0x0000000706400000, 0x0000000706600000|  0%| F|  |TAMS 0x0000000706400000| PB 0x0000000706400000| Untracked |  0
|  51|0x0000000706600000, 0x0000000706600000, 0x0000000706800000|  0%| F|  |TAMS 0x0000000706600000| PB 0x0000000706600000| Untracked |  0
|  52|0x0000000706800000, 0x0000000706800000, 0x0000000706a00000|  0%| F|  |TAMS 0x0000000706800000| PB 0x0000000706800000| Untracked |  0
|  53|0x0000000706a00000, 0x0000000706a00000, 0x0000000706c00000|  0%| F|  |TAMS 0x0000000706a00000| PB 0x0000000706a00000| Untracked |  0
|  54|0x0000000706c00000, 0x0000000706c00000, 0x0000000706e00000|  0%| F|  |TAMS 0x0000000706c00000| PB 0x0000000706c00000| Untracked |  0
|  55|0x0000000706e00000, 0x0000000706e00000, 0x0000000707000000|  0%| F|  |TAMS 0x0000000706e00000| PB 0x0000000706e00000| Untracked |  0
|  56|0x0000000707000000, 0x0000000707000000, 0x0000000707200000|  0%| F|  |TAMS 0x0000000707000000| PB 0x0000000707000000| Untracked |  0
|  57|0x0000000707200000, 0x0000000707200000, 0x0000000707400000|  0%| F|  |TAMS 0x0000000707200000| PB 0x0000000707200000| Untracked |  0
|  58|0x0000000707400000, 0x0000000707400000, 0x0000000707600000|  0%| F|  |TAMS 0x0000000707400000| PB 0x0000000707400000| Untracked |  0
|  59|0x0000000707600000, 0x0000000707600000, 0x0000000707800000|  0%| F|  |TAMS 0x0000000707600000| PB 0x0000000707600000| Untracked |  0
|  60|0x0000000707800000, 0x0000000707800000, 0x0000000707a00000|  0%| F|  |TAMS 0x0000000707800000| PB 0x0000000707800000| Untracked |  0
|  61|0x0000000707a00000, 0x0000000707a00000, 0x0000000707c00000|  0%| F|  |TAMS 0x0000000707a00000| PB 0x0000000707a00000| Untracked |  0
|  62|0x0000000707c00000, 0x0000000707c00000, 0x0000000707e00000|  0%| F|  |TAMS 0x0000000707c00000| PB 0x0000000707c00000| Untracked |  0
|  63|0x0000000707e00000, 0x0000000707e00000, 0x0000000708000000|  0%| F|  |TAMS 0x0000000707e00000| PB 0x0000000707e00000| Untracked |  0
|  64|0x0000000708000000, 0x0000000708000000, 0x0000000708200000|  0%| F|  |TAMS 0x0000000708000000| PB 0x0000000708000000| Untracked |  0
|  65|0x0000000708200000, 0x0000000708200000, 0x0000000708400000|  0%| F|  |TAMS 0x0000000708200000| PB 0x0000000708200000| Untracked |  0
|  66|0x0000000708400000, 0x0000000708400000, 0x0000000708600000|  0%| F|  |TAMS 0x0000000708400000| PB 0x0000000708400000| Untracked |  0
|  67|0x0000000708600000, 0x0000000708600000, 0x0000000708800000|  0%| F|  |TAMS 0x0000000708600000| PB 0x0000000708600000| Untracked |  0
|  68|0x0000000708800000, 0x0000000708800000, 0x0000000708a00000|  0%| F|  |TAMS 0x0000000708800000| PB 0x0000000708800000| Untracked |  0
|  69|0x0000000708a00000, 0x0000000708a00000, 0x0000000708c00000|  0%| F|  |TAMS 0x0000000708a00000| PB 0x0000000708a00000| Untracked |  0
|  70|0x0000000708c00000, 0x0000000708d6f4d0, 0x0000000708e00000| 71%| S|CS|TAMS 0x0000000708c00000| PB 0x0000000708c00000| Complete |  0
|  71|0x0000000708e00000, 0x0000000709000000, 0x0000000709000000|100%| S|CS|TAMS 0x0000000708e00000| PB 0x0000000708e00000| Complete |  0
|  72|0x0000000709000000, 0x0000000709200000, 0x0000000709200000|100%| S|CS|TAMS 0x0000000709000000| PB 0x0000000709000000| Complete |  0
|  73|0x0000000709200000, 0x0000000709400000, 0x0000000709400000|100%| S|CS|TAMS 0x0000000709200000| PB 0x0000000709200000| Complete |  0
|  74|0x0000000709400000, 0x0000000709600000, 0x0000000709600000|100%| S|CS|TAMS 0x0000000709400000| PB 0x0000000709400000| Complete |  0
|  75|0x0000000709600000, 0x0000000709800000, 0x0000000709800000|100%| S|CS|TAMS 0x0000000709600000| PB 0x0000000709600000| Complete |  0
|  76|0x0000000709800000, 0x0000000709a00000, 0x0000000709a00000|100%| S|CS|TAMS 0x0000000709800000| PB 0x0000000709800000| Complete |  0
|  77|0x0000000709a00000, 0x0000000709c00000, 0x0000000709c00000|100%| S|CS|TAMS 0x0000000709a00000| PB 0x0000000709a00000| Complete |  0
|  78|0x0000000709c00000, 0x0000000709c00000, 0x0000000709e00000|  0%| F|  |TAMS 0x0000000709c00000| PB 0x0000000709c00000| Untracked |  0
|  79|0x0000000709e00000, 0x0000000709e00000, 0x000000070a000000|  0%| F|  |TAMS 0x0000000709e00000| PB 0x0000000709e00000| Untracked |  0
|  80|0x000000070a000000, 0x000000070a000000, 0x000000070a200000|  0%| F|  |TAMS 0x000000070a000000| PB 0x000000070a000000| Untracked |  0
|  81|0x000000070a200000, 0x000000070a200000, 0x000000070a400000|  0%| F|  |TAMS 0x000000070a200000| PB 0x000000070a200000| Untracked |  0
|  82|0x000000070a400000, 0x000000070a400000, 0x000000070a600000|  0%| F|  |TAMS 0x000000070a400000| PB 0x000000070a400000| Untracked |  0
|  83|0x000000070a600000, 0x000000070a600000, 0x000000070a800000|  0%| F|  |TAMS 0x000000070a600000| PB 0x000000070a600000| Untracked |  0
|  84|0x000000070a800000, 0x000000070a800000, 0x000000070aa00000|  0%| F|  |TAMS 0x000000070a800000| PB 0x000000070a800000| Untracked |  0
|  85|0x000000070aa00000, 0x000000070aa00000, 0x000000070ac00000|  0%| F|  |TAMS 0x000000070aa00000| PB 0x000000070aa00000| Untracked |  0
|  86|0x000000070ac00000, 0x000000070ae00000, 0x000000070ae00000|100%| S|CS|TAMS 0x000000070ac00000| PB 0x000000070ac00000| Complete |  0
|  87|0x000000070ae00000, 0x000000070ae00000, 0x000000070b000000|  0%| F|  |TAMS 0x000000070ae00000| PB 0x000000070ae00000| Untracked |  0
|  88|0x000000070b000000, 0x000000070b000000, 0x000000070b200000|  0%| F|  |TAMS 0x000000070b000000| PB 0x000000070b000000| Untracked |  0
|  89|0x000000070b200000, 0x000000070b200000, 0x000000070b400000|  0%| F|  |TAMS 0x000000070b200000| PB 0x000000070b200000| Untracked |  0
|  90|0x000000070b400000, 0x000000070b400000, 0x000000070b600000|  0%| F|  |TAMS 0x000000070b400000| PB 0x000000070b400000| Untracked |  0
|  91|0x000000070b600000, 0x000000070b600000, 0x000000070b800000|  0%| F|  |TAMS 0x000000070b600000| PB 0x000000070b600000| Untracked |  0
|  92|0x000000070b800000, 0x000000070b800000, 0x000000070ba00000|  0%| F|  |TAMS 0x000000070b800000| PB 0x000000070b800000| Untracked |  0
|  93|0x000000070ba00000, 0x000000070ba00000, 0x000000070bc00000|  0%| F|  |TAMS 0x000000070ba00000| PB 0x000000070ba00000| Untracked |  0
|  94|0x000000070bc00000, 0x000000070bc00000, 0x000000070be00000|  0%| F|  |TAMS 0x000000070bc00000| PB 0x000000070bc00000| Untracked |  0
|  95|0x000000070be00000, 0x000000070be00000, 0x000000070c000000|  0%| F|  |TAMS 0x000000070be00000| PB 0x000000070be00000| Untracked |  0
|  96|0x000000070c000000, 0x000000070c000000, 0x000000070c200000|  0%| F|  |TAMS 0x000000070c000000| PB 0x000000070c000000| Untracked |  0
|  97|0x000000070c200000, 0x000000070c200000, 0x000000070c400000|  0%| F|  |TAMS 0x000000070c200000| PB 0x000000070c200000| Untracked |  0
|  98|0x000000070c400000, 0x000000070c400000, 0x000000070c600000|  0%| F|  |TAMS 0x000000070c400000| PB 0x000000070c400000| Untracked |  0
|  99|0x000000070c600000, 0x000000070c600000, 0x000000070c800000|  0%| F|  |TAMS 0x000000070c600000| PB 0x000000070c600000| Untracked |  0
| 100|0x000000070c800000, 0x000000070c800000, 0x000000070ca00000|  0%| F|  |TAMS 0x000000070c800000| PB 0x000000070c800000| Untracked |  0
| 101|0x000000070ca00000, 0x000000070ca00000, 0x000000070cc00000|  0%| F|  |TAMS 0x000000070ca00000| PB 0x000000070ca00000| Untracked |  0
| 102|0x000000070cc00000, 0x000000070cc00000, 0x000000070ce00000|  0%| F|  |TAMS 0x000000070cc00000| PB 0x000000070cc00000| Untracked |  0
| 103|0x000000070ce00000, 0x000000070ce00000, 0x000000070d000000|  0%| F|  |TAMS 0x000000070ce00000| PB 0x000000070ce00000| Untracked |  0
| 104|0x000000070d000000, 0x000000070d000000, 0x000000070d200000|  0%| F|  |TAMS 0x000000070d000000| PB 0x000000070d000000| Untracked |  0
| 105|0x000000070d200000, 0x000000070d200000, 0x000000070d400000|  0%| F|  |TAMS 0x000000070d200000| PB 0x000000070d200000| Untracked |  0
| 106|0x000000070d400000, 0x000000070d400000, 0x000000070d600000|  0%| F|  |TAMS 0x000000070d400000| PB 0x000000070d400000| Untracked |  0
| 107|0x000000070d600000, 0x000000070d600000, 0x000000070d800000|  0%| F|  |TAMS 0x000000070d600000| PB 0x000000070d600000| Untracked |  0
| 108|0x000000070d800000, 0x000000070d800000, 0x000000070da00000|  0%| F|  |TAMS 0x000000070d800000| PB 0x000000070d800000| Untracked |  0
| 109|0x000000070da00000, 0x000000070da00000, 0x000000070dc00000|  0%| F|  |TAMS 0x000000070da00000| PB 0x000000070da00000| Untracked |  0
| 110|0x000000070dc00000, 0x000000070dc00000, 0x000000070de00000|  0%| F|  |TAMS 0x000000070dc00000| PB 0x000000070dc00000| Untracked |  0
| 111|0x000000070de00000, 0x000000070de00000, 0x000000070e000000|  0%| F|  |TAMS 0x000000070de00000| PB 0x000000070de00000| Untracked |  0
| 112|0x000000070e000000, 0x000000070e000000, 0x000000070e200000|  0%| F|  |TAMS 0x000000070e000000| PB 0x000000070e000000| Untracked |  0
| 113|0x000000070e200000, 0x000000070e200000, 0x000000070e400000|  0%| F|  |TAMS 0x000000070e200000| PB 0x000000070e200000| Untracked |  0
| 114|0x000000070e400000, 0x000000070e400000, 0x000000070e600000|  0%| F|  |TAMS 0x000000070e400000| PB 0x000000070e400000| Untracked |  0
| 115|0x000000070e600000, 0x000000070e600000, 0x000000070e800000|  0%| F|  |TAMS 0x000000070e600000| PB 0x000000070e600000| Untracked |  0
| 116|0x000000070e800000, 0x000000070e800000, 0x000000070ea00000|  0%| F|  |TAMS 0x000000070e800000| PB 0x000000070e800000| Untracked |  0
| 117|0x000000070ea00000, 0x000000070ea00000, 0x000000070ec00000|  0%| F|  |TAMS 0x000000070ea00000| PB 0x000000070ea00000| Untracked |  0
| 118|0x000000070ec00000, 0x000000070ec00000, 0x000000070ee00000|  0%| F|  |TAMS 0x000000070ec00000| PB 0x000000070ec00000| Untracked |  0
| 119|0x000000070ee00000, 0x000000070ee00000, 0x000000070f000000|  0%| F|  |TAMS 0x000000070ee00000| PB 0x000000070ee00000| Untracked |  0
| 120|0x000000070f000000, 0x000000070f000000, 0x000000070f200000|  0%| F|  |TAMS 0x000000070f000000| PB 0x000000070f000000| Untracked |  0
| 121|0x000000070f200000, 0x000000070f200000, 0x000000070f400000|  0%| F|  |TAMS 0x000000070f200000| PB 0x000000070f200000| Untracked |  0
| 122|0x000000070f400000, 0x000000070f400000, 0x000000070f600000|  0%| F|  |TAMS 0x000000070f400000| PB 0x000000070f400000| Untracked |  0
| 123|0x000000070f600000, 0x000000070f600000, 0x000000070f800000|  0%| F|  |TAMS 0x000000070f600000| PB 0x000000070f600000| Untracked |  0
| 124|0x000000070f800000, 0x000000070f800000, 0x000000070fa00000|  0%| F|  |TAMS 0x000000070f800000| PB 0x000000070f800000| Untracked |  0
| 125|0x000000070fa00000, 0x000000070fa00000, 0x000000070fc00000|  0%| F|  |TAMS 0x000000070fa00000| PB 0x000000070fa00000| Untracked |  0
| 126|0x000000070fc00000, 0x000000070fc00000, 0x000000070fe00000|  0%| F|  |TAMS 0x000000070fc00000| PB 0x000000070fc00000| Untracked |  0
| 127|0x000000070fe00000, 0x000000070fe00000, 0x0000000710000000|  0%| F|  |TAMS 0x000000070fe00000| PB 0x000000070fe00000| Untracked |  0
| 128|0x0000000710000000, 0x0000000710000000, 0x0000000710200000|  0%| F|  |TAMS 0x0000000710000000| PB 0x0000000710000000| Untracked |  0
| 129|0x0000000710200000, 0x0000000710200000, 0x0000000710400000|  0%| F|  |TAMS 0x0000000710200000| PB 0x0000000710200000| Untracked |  0
| 130|0x0000000710400000, 0x0000000710400000, 0x0000000710600000|  0%| F|  |TAMS 0x0000000710400000| PB 0x0000000710400000| Untracked |  0
| 131|0x0000000710600000, 0x0000000710600000, 0x0000000710800000|  0%| F|  |TAMS 0x0000000710600000| PB 0x0000000710600000| Untracked |  0
| 132|0x0000000710800000, 0x0000000710800000, 0x0000000710a00000|  0%| F|  |TAMS 0x0000000710800000| PB 0x0000000710800000| Untracked |  0
| 133|0x0000000710a00000, 0x0000000710a00000, 0x0000000710c00000|  0%| F|  |TAMS 0x0000000710a00000| PB 0x0000000710a00000| Untracked |  0
| 134|0x0000000710c00000, 0x0000000710c00000, 0x0000000710e00000|  0%| F|  |TAMS 0x0000000710c00000| PB 0x0000000710c00000| Untracked |  0
| 135|0x0000000710e00000, 0x0000000710e00000, 0x0000000711000000|  0%| F|  |TAMS 0x0000000710e00000| PB 0x0000000710e00000| Untracked |  0
| 136|0x0000000711000000, 0x0000000711000000, 0x0000000711200000|  0%| F|  |TAMS 0x0000000711000000| PB 0x0000000711000000| Untracked |  0
| 137|0x0000000711200000, 0x0000000711200000, 0x0000000711400000|  0%| F|  |TAMS 0x0000000711200000| PB 0x0000000711200000| Untracked |  0
| 138|0x0000000711400000, 0x0000000711400000, 0x0000000711600000|  0%| F|  |TAMS 0x0000000711400000| PB 0x0000000711400000| Untracked |  0
| 139|0x0000000711600000, 0x0000000711600000, 0x0000000711800000|  0%| F|  |TAMS 0x0000000711600000| PB 0x0000000711600000| Untracked |  0
| 140|0x0000000711800000, 0x0000000711800000, 0x0000000711a00000|  0%| F|  |TAMS 0x0000000711800000| PB 0x0000000711800000| Untracked |  0
| 141|0x0000000711a00000, 0x0000000711a00000, 0x0000000711c00000|  0%| F|  |TAMS 0x0000000711a00000| PB 0x0000000711a00000| Untracked |  0
| 142|0x0000000711c00000, 0x0000000711c00000, 0x0000000711e00000|  0%| F|  |TAMS 0x0000000711c00000| PB 0x0000000711c00000| Untracked |  0
| 143|0x0000000711e00000, 0x0000000711e00000, 0x0000000712000000|  0%| F|  |TAMS 0x0000000711e00000| PB 0x0000000711e00000| Untracked |  0
| 144|0x0000000712000000, 0x0000000712000000, 0x0000000712200000|  0%| F|  |TAMS 0x0000000712000000| PB 0x0000000712000000| Untracked |  0
| 145|0x0000000712200000, 0x0000000712200000, 0x0000000712400000|  0%| F|  |TAMS 0x0000000712200000| PB 0x0000000712200000| Untracked |  0
| 146|0x0000000712400000, 0x0000000712400000, 0x0000000712600000|  0%| F|  |TAMS 0x0000000712400000| PB 0x0000000712400000| Untracked |  0
| 147|0x0000000712600000, 0x0000000712600000, 0x0000000712800000|  0%| F|  |TAMS 0x0000000712600000| PB 0x0000000712600000| Untracked |  0
| 148|0x0000000712800000, 0x0000000712800000, 0x0000000712a00000|  0%| F|  |TAMS 0x0000000712800000| PB 0x0000000712800000| Untracked |  0
| 149|0x0000000712a00000, 0x0000000712a00000, 0x0000000712c00000|  0%| F|  |TAMS 0x0000000712a00000| PB 0x0000000712a00000| Untracked |  0
| 150|0x0000000712c00000, 0x0000000712c00000, 0x0000000712e00000|  0%| F|  |TAMS 0x0000000712c00000| PB 0x0000000712c00000| Untracked |  0
| 151|0x0000000712e00000, 0x0000000712e00000, 0x0000000713000000|  0%| F|  |TAMS 0x0000000712e00000| PB 0x0000000712e00000| Untracked |  0
| 152|0x0000000713000000, 0x0000000713000000, 0x0000000713200000|  0%| F|  |TAMS 0x0000000713000000| PB 0x0000000713000000| Untracked |  0
| 153|0x0000000713200000, 0x0000000713200000, 0x0000000713400000|  0%| F|  |TAMS 0x0000000713200000| PB 0x0000000713200000| Untracked |  0
| 154|0x0000000713400000, 0x0000000713400000, 0x0000000713600000|  0%| F|  |TAMS 0x0000000713400000| PB 0x0000000713400000| Untracked |  0
| 155|0x0000000713600000, 0x0000000713600000, 0x0000000713800000|  0%| F|  |TAMS 0x0000000713600000| PB 0x0000000713600000| Untracked |  0
| 156|0x0000000713800000, 0x0000000713800000, 0x0000000713a00000|  0%| F|  |TAMS 0x0000000713800000| PB 0x0000000713800000| Untracked |  0
| 157|0x0000000713a00000, 0x0000000713a00000, 0x0000000713c00000|  0%| F|  |TAMS 0x0000000713a00000| PB 0x0000000713a00000| Untracked |  0
| 158|0x0000000713c00000, 0x0000000713c00000, 0x0000000713e00000|  0%| F|  |TAMS 0x0000000713c00000| PB 0x0000000713c00000| Untracked |  0
| 159|0x0000000713e00000, 0x0000000713e00000, 0x0000000714000000|  0%| F|  |TAMS 0x0000000713e00000| PB 0x0000000713e00000| Untracked |  0
| 160|0x0000000714000000, 0x0000000714000000, 0x0000000714200000|  0%| F|  |TAMS 0x0000000714000000| PB 0x0000000714000000| Untracked |  0
| 161|0x0000000714200000, 0x0000000714200000, 0x0000000714400000|  0%| F|  |TAMS 0x0000000714200000| PB 0x0000000714200000| Untracked |  0
| 162|0x0000000714400000, 0x0000000714400000, 0x0000000714600000|  0%| F|  |TAMS 0x0000000714400000| PB 0x0000000714400000| Untracked |  0
| 163|0x0000000714600000, 0x0000000714600000, 0x0000000714800000|  0%| F|  |TAMS 0x0000000714600000| PB 0x0000000714600000| Untracked |  0
| 164|0x0000000714800000, 0x0000000714800000, 0x0000000714a00000|  0%| F|  |TAMS 0x0000000714800000| PB 0x0000000714800000| Untracked |  0
| 165|0x0000000714a00000, 0x0000000714a00000, 0x0000000714c00000|  0%| F|  |TAMS 0x0000000714a00000| PB 0x0000000714a00000| Untracked |  0
| 166|0x0000000714c00000, 0x0000000714c00000, 0x0000000714e00000|  0%| F|  |TAMS 0x0000000714c00000| PB 0x0000000714c00000| Untracked |  0
| 167|0x0000000714e00000, 0x0000000714e00000, 0x0000000715000000|  0%| F|  |TAMS 0x0000000714e00000| PB 0x0000000714e00000| Untracked |  0
| 168|0x0000000715000000, 0x0000000715000000, 0x0000000715200000|  0%| F|  |TAMS 0x0000000715000000| PB 0x0000000715000000| Untracked |  0
| 169|0x0000000715200000, 0x0000000715200000, 0x0000000715400000|  0%| F|  |TAMS 0x0000000715200000| PB 0x0000000715200000| Untracked |  0
| 170|0x0000000715400000, 0x0000000715400000, 0x0000000715600000|  0%| F|  |TAMS 0x0000000715400000| PB 0x0000000715400000| Untracked |  0
| 171|0x0000000715600000, 0x0000000715600000, 0x0000000715800000|  0%| F|  |TAMS 0x0000000715600000| PB 0x0000000715600000| Untracked |  0
| 172|0x0000000715800000, 0x0000000715800000, 0x0000000715a00000|  0%| F|  |TAMS 0x0000000715800000| PB 0x0000000715800000| Untracked |  0
| 173|0x0000000715a00000, 0x0000000715a00000, 0x0000000715c00000|  0%| F|  |TAMS 0x0000000715a00000| PB 0x0000000715a00000| Untracked |  0
| 174|0x0000000715c00000, 0x0000000715c00000, 0x0000000715e00000|  0%| F|  |TAMS 0x0000000715c00000| PB 0x0000000715c00000| Untracked |  0
| 175|0x0000000715e00000, 0x0000000715e00000, 0x0000000716000000|  0%| F|  |TAMS 0x0000000715e00000| PB 0x0000000715e00000| Untracked |  0
| 176|0x0000000716000000, 0x0000000716000000, 0x0000000716200000|  0%| F|  |TAMS 0x0000000716000000| PB 0x0000000716000000| Untracked |  0
| 177|0x0000000716200000, 0x0000000716200000, 0x0000000716400000|  0%| F|  |TAMS 0x0000000716200000| PB 0x0000000716200000| Untracked |  0
| 178|0x0000000716400000, 0x0000000716400000, 0x0000000716600000|  0%| F|  |TAMS 0x0000000716400000| PB 0x0000000716400000| Untracked |  0
| 179|0x0000000716600000, 0x0000000716600000, 0x0000000716800000|  0%| F|  |TAMS 0x0000000716600000| PB 0x0000000716600000| Untracked |  0
| 180|0x0000000716800000, 0x0000000716800000, 0x0000000716a00000|  0%| F|  |TAMS 0x0000000716800000| PB 0x0000000716800000| Untracked |  0
| 181|0x0000000716a00000, 0x0000000716a00000, 0x0000000716c00000|  0%| F|  |TAMS 0x0000000716a00000| PB 0x0000000716a00000| Untracked |  0
| 182|0x0000000716c00000, 0x0000000716c00000, 0x0000000716e00000|  0%| F|  |TAMS 0x0000000716c00000| PB 0x0000000716c00000| Untracked |  0
| 183|0x0000000716e00000, 0x0000000716e00000, 0x0000000717000000|  0%| F|  |TAMS 0x0000000716e00000| PB 0x0000000716e00000| Untracked |  0
| 184|0x0000000717000000, 0x0000000717000000, 0x0000000717200000|  0%| F|  |TAMS 0x0000000717000000| PB 0x0000000717000000| Untracked |  0
| 185|0x0000000717200000, 0x0000000717200000, 0x0000000717400000|  0%| F|  |TAMS 0x0000000717200000| PB 0x0000000717200000| Untracked |  0
| 186|0x0000000717400000, 0x0000000717400000, 0x0000000717600000|  0%| F|  |TAMS 0x0000000717400000| PB 0x0000000717400000| Untracked |  0
| 187|0x0000000717600000, 0x0000000717600000, 0x0000000717800000|  0%| F|  |TAMS 0x0000000717600000| PB 0x0000000717600000| Untracked |  0
| 188|0x0000000717800000, 0x0000000717800000, 0x0000000717a00000|  0%| F|  |TAMS 0x0000000717800000| PB 0x0000000717800000| Untracked |  0
| 189|0x0000000717a00000, 0x0000000717a00000, 0x0000000717c00000|  0%| F|  |TAMS 0x0000000717a00000| PB 0x0000000717a00000| Untracked |  0
| 190|0x0000000717c00000, 0x0000000717c00000, 0x0000000717e00000|  0%| F|  |TAMS 0x0000000717c00000| PB 0x0000000717c00000| Untracked |  0
| 191|0x0000000717e00000, 0x0000000717e00000, 0x0000000718000000|  0%| F|  |TAMS 0x0000000717e00000| PB 0x0000000717e00000| Untracked |  0
| 192|0x0000000718000000, 0x0000000718000000, 0x0000000718200000|  0%| F|  |TAMS 0x0000000718000000| PB 0x0000000718000000| Untracked |  0
| 193|0x0000000718200000, 0x0000000718200000, 0x0000000718400000|  0%| F|  |TAMS 0x0000000718200000| PB 0x0000000718200000| Untracked |  0
| 194|0x0000000718400000, 0x0000000718400000, 0x0000000718600000|  0%| F|  |TAMS 0x0000000718400000| PB 0x0000000718400000| Untracked |  0
| 195|0x0000000718600000, 0x0000000718600000, 0x0000000718800000|  0%| F|  |TAMS 0x0000000718600000| PB 0x0000000718600000| Untracked |  0
| 196|0x0000000718800000, 0x0000000718800000, 0x0000000718a00000|  0%| F|  |TAMS 0x0000000718800000| PB 0x0000000718800000| Untracked |  0
| 197|0x0000000718a00000, 0x0000000718a00000, 0x0000000718c00000|  0%| F|  |TAMS 0x0000000718a00000| PB 0x0000000718a00000| Untracked |  0
| 198|0x0000000718c00000, 0x0000000718c00000, 0x0000000718e00000|  0%| F|  |TAMS 0x0000000718c00000| PB 0x0000000718c00000| Untracked |  0
| 199|0x0000000718e00000, 0x0000000718e00000, 0x0000000719000000|  0%| F|  |TAMS 0x0000000718e00000| PB 0x0000000718e00000| Untracked |  0
| 200|0x0000000719000000, 0x0000000719000000, 0x0000000719200000|  0%| F|  |TAMS 0x0000000719000000| PB 0x0000000719000000| Untracked |  0
| 201|0x0000000719200000, 0x0000000719200000, 0x0000000719400000|  0%| F|  |TAMS 0x0000000719200000| PB 0x0000000719200000| Untracked |  0
| 202|0x0000000719400000, 0x0000000719400000, 0x0000000719600000|  0%| F|  |TAMS 0x0000000719400000| PB 0x0000000719400000| Untracked |  0
|2043|0x00000007ff600000, 0x00000007ff800000, 0x00000007ff800000|100%| O|  |TAMS 0x00000007ff600000| PB 0x00000007ff600000| Untracked |  0
|2044|0x00000007ff800000, 0x00000007ffa00000, 0x00000007ffa00000|100%| O|  |TAMS 0x00000007ff800000| PB 0x00000007ff800000| Untracked |  0
|2045|0x00000007ffa00000, 0x00000007ffc00000, 0x00000007ffc00000|100%| O|  |TAMS 0x00000007ffa00000| PB 0x00000007ffa00000| Untracked |  0
|2046|0x00000007ffc00000, 0x00000007ffe00000, 0x00000007ffe00000|100%| O|  |TAMS 0x00000007ffc00000| PB 0x00000007ffc00000| Untracked |  0
|2047|0x00000007ffe00000, 0x0000000800000000, 0x0000000800000000|100%| O|  |TAMS 0x00000007ffe00000| PB 0x00000007ffe00000| Untracked |  0

Card table byte_map: [0x000001a121b80000,0x000001a122380000] _byte_map_base: 0x000001a11e380000

Marking Bits: (CMBitMap*) 0x000001a10eeeb040
 Bits: [0x000001a122380000, 0x000001a126380000)

Polling page: 0x000001a10cf60000

Metaspace:
Metaspace        used 68711K, committed 70336K, reserved 1114112K
 class space     used 9990K, committed 10752K, reserved 1048576K

Usage:
  Non-class:     57.34 MB used.
      Class:      9.76 MB used.
       Both:     67.10 MB used.

Virtual space:
  Non-class space:       64.00 MB reserved,      58.19 MB ( 91%) committed,  1 nodes.
      Class space:        1.00 GB reserved,      10.50 MB (  1%) committed,  1 nodes.
             Both:        1.06 GB reserved,      68.69 MB (  6%) committed. 

Chunk freelists:
   Non-Class:  4.94 MB
       Class:  5.41 MB
        Both:  10.34 MB

MaxMetaspaceSize: unlimited
CompressedClassSpaceSize: 1.00 GB
Initial GC threshold: 21.00 MB
Current GC threshold: 114.38 MB
CDS: off
 - commit_granule_bytes: 65536.
 - commit_granule_words: 8192.
 - virtual_space_node_default_size: 8388608.
 - enlarge_chunks_in_place: 1.
UseCompressedClassPointers 1, UseCompactObjectHeaders 0
Narrow klass pointer bits 32, Max shift 3
Narrow klass base: 0x0000000000000000, Narrow klass shift: 0
Encoding Range: [0x0000000000000000 - 0x0000000100000000), (4294967296 bytes)
Klass Range:    [0x0000000089000000 - 0x00000000c9000000), (1073741824 bytes)
Klass ID Range:  [2298478592 - 3372220409) (1073741817)
No protection zone.


Internal statistics:

num_allocs_failed_limit: 6.
num_arena_births: 3062.
num_arena_deaths: 8.
num_vsnodes_births: 2.
num_vsnodes_deaths: 0.
num_space_committed: 1099.
num_space_uncommitted: 0.
num_chunks_returned_to_freelist: 14.
num_chunks_taken_from_freelist: 5680.
num_chunk_merges: 6.
num_chunk_splits: 3760.
num_chunks_enlarged: 2441.
num_inconsistent_stats: 0.

CodeHeap 'non-profiled nmethods': size=120064Kb used=4062Kb max_used=4062Kb free=116001Kb
 bounds [0x000001a119e40000, 0x000001a11a240000, 0x000001a121380000]
CodeHeap 'profiled nmethods': size=120064Kb used=11527Kb max_used=11792Kb free=108536Kb
 bounds [0x000001a112360000, 0x000001a112ef0000, 0x000001a1198a0000]
CodeHeap 'non-nmethods': size=5760Kb used=2142Kb max_used=2339Kb free=3617Kb
 bounds [0x000001a1198a0000, 0x000001a119b20000, 0x000001a119e40000]
CodeCache: size=245888Kb, used=17731Kb, max_used=18193Kb, free=228154Kb
 total_blobs=9541, nmethods=8726, adapters=717, full_count=0
Compilation: enabled, stopped_count=0, restarted_count=0

Compilation events (20 events):
Event: 23.136 Thread 0x000001a1289a6930 11175       4       org.objectweb.asm.ClassReader::accept (1419 bytes)
Event: 23.159 Thread 0x000001a1289ab150 11176       3       java.util.concurrent.ThreadPoolExecutor::runStateAtLeast (11 bytes)
Event: 23.160 Thread 0x000001a1289ab150 nmethod 11176 0x000001a112b09f08 code [0x000001a112b0a000, 0x000001a112b0a138]
Event: 23.293 Thread 0x000001a1289a6930 nmethod 11175 0x000001a11a22d208 code [0x000001a11a22d300, 0x000001a11a2343c0]
Event: 23.293 Thread 0x000001a1289a6930 11173       4       java.lang.String::replace (42 bytes)
Event: 23.305 Thread 0x000001a1289a6930 nmethod 11173 0x000001a11a234408 code [0x000001a11a234500, 0x000001a11a234bb8]
Event: 23.305 Thread 0x000001a1289a6930 11177       4       java.util.concurrent.locks.LockSupport::setBlocker (12 bytes)
Event: 23.305 Thread 0x000001a1289a6930 nmethod 11177 0x000001a11a234c08 code [0x000001a11a234d00, 0x000001a11a234e68]
Event: 23.351 Thread 0x000001a1289a6930 11178       4       java.util.concurrent.locks.AbstractQueuedSynchronizer$ConditionObject::canReacquire (38 bytes)
Event: 23.351 Thread 0x000001a1289a6930 nmethod 11178 0x000001a11a234f08 code [0x000001a11a235000, 0x000001a11a2350d0]
Event: 23.478 Thread 0x000001a1289a6930 11179       4       org.gradle.api.internal.runtimeshaded.RuntimeShadedJarCreator$$Lambda/0x0000000089a94000::visit (21 bytes)
Event: 23.493 Thread 0x000001a1289a6930 nmethod 11179 0x000001a11a235208 code [0x000001a11a235300, 0x000001a11a235be8]
Event: 23.493 Thread 0x000001a1289a6930 11180       4       org.gradle.api.internal.runtimeshaded.RuntimeShadedJarCreator::lambda$processFiles$1 (10 bytes)
Event: 23.507 Thread 0x000001a1289a6930 nmethod 11180 0x000001a11a235c88 code [0x000001a11a235d80, 0x000001a11a236658]
Event: 23.562 Thread 0x000001a1289a6930 11181       4       org.objectweb.asm.SymbolTable::addConstantLongOrDouble (109 bytes)
Event: 23.563 Thread 0x000001a1289ab150 11183       3       org.objectweb.asm.SymbolTable::addConstantDouble (11 bytes)
Event: 23.563 Thread 0x000001a1289ab150 nmethod 11183 0x000001a112b0b708 code [0x000001a112b0b800, 0x000001a112b0b958]
Event: 23.574 Thread 0x000001a1289a6930 nmethod 11181 0x000001a11a236708 code [0x000001a11a236800, 0x000001a11a2377e0]
Event: 23.574 Thread 0x000001a1289a6930 11182       4       org.objectweb.asm.ClassReader::readLong (29 bytes)
Event: 23.576 Thread 0x000001a1289a6930 nmethod 11182 0x000001a11a237808 code [0x000001a11a237900, 0x000001a11a237a60]

GC Heap Usage History (20 events):
Event: 20.711 {heap After GC invocations=64 (full 0):
 garbage-first heap   total reserved 4194304K, committed 294912K, used 90125K [0x0000000700000000, 0x0000000800000000)
  region size 2048K, 7 young (14336K), 7 survivors (14336K)
}
Event: 20.909 {heap Before GC invocations=64 (full 0):
 garbage-first heap   total reserved 4194304K, committed 294912K, used 251917K [0x0000000700000000, 0x0000000800000000)
  region size 2048K, 86 young (176128K), 7 survivors (14336K)
}
Event: 20.916 {heap After GC invocations=65 (full 0):
 garbage-first heap   total reserved 4194304K, committed 294912K, used 89882K [0x0000000700000000, 0x0000000800000000)
  region size 2048K, 6 young (12288K), 6 survivors (12288K)
}
Event: 21.234 {heap Before GC invocations=65 (full 0):
 garbage-first heap   total reserved 4194304K, committed 294912K, used 253722K [0x0000000700000000, 0x0000000800000000)
  region size 2048K, 86 young (176128K), 6 survivors (12288K)
}
Event: 21.241 {heap After GC invocations=66 (full 0):
 garbage-first heap   total reserved 4194304K, committed 354304K, used 90322K [0x0000000700000000, 0x0000000800000000)
  region size 2048K, 6 young (12288K), 6 survivors (12288K)
}
Event: 21.525 {heap Before GC invocations=66 (full 0):
 garbage-first heap   total reserved 4194304K, committed 354304K, used 288978K [0x0000000700000000, 0x0000000800000000)
  region size 2048K, 103 young (210944K), 6 survivors (12288K)
}
Event: 21.532 {heap After GC invocations=67 (full 0):
 garbage-first heap   total reserved 4194304K, committed 354304K, used 91881K [0x0000000700000000, 0x0000000800000000)
  region size 2048K, 7 young (14336K), 7 survivors (14336K)
}
Event: 21.830 {heap Before GC invocations=67 (full 0):
 garbage-first heap   total reserved 4194304K, committed 354304K, used 288489K [0x0000000700000000, 0x0000000800000000)
  region size 2048K, 103 young (210944K), 7 survivors (14336K)
}
Event: 21.838 {heap After GC invocations=68 (full 0):
 garbage-first heap   total reserved 4194304K, committed 354304K, used 93137K [0x0000000700000000, 0x0000000800000000)
  region size 2048K, 6 young (12288K), 6 survivors (12288K)
}
Event: 22.153 {heap Before GC invocations=68 (full 0):
 garbage-first heap   total reserved 4194304K, committed 354304K, used 291793K [0x0000000700000000, 0x0000000800000000)
  region size 2048K, 103 young (210944K), 6 survivors (12288K)
}
Event: 22.161 {heap After GC invocations=69 (full 0):
 garbage-first heap   total reserved 4194304K, committed 354304K, used 94571K [0x0000000700000000, 0x0000000800000000)
  region size 2048K, 7 young (14336K), 7 survivors (14336K)
}
Event: 22.408 {heap Before GC invocations=69 (full 0):
 garbage-first heap   total reserved 4194304K, committed 354304K, used 291179K [0x0000000700000000, 0x0000000800000000)
  region size 2048K, 103 young (210944K), 7 survivors (14336K)
}
Event: 22.416 {heap After GC invocations=70 (full 0):
 garbage-first heap   total reserved 4194304K, committed 425984K, used 95744K [0x0000000700000000, 0x0000000800000000)
  region size 2048K, 7 young (14336K), 7 survivors (14336K)
}
Event: 22.706 {heap Before GC invocations=70 (full 0):
 garbage-first heap   total reserved 4194304K, committed 425984K, used 335360K [0x0000000700000000, 0x0000000800000000)
  region size 2048K, 124 young (253952K), 7 survivors (14336K)
}
Event: 22.716 {heap After GC invocations=71 (full 0):
 garbage-first heap   total reserved 4194304K, committed 425984K, used 98289K [0x0000000700000000, 0x0000000800000000)
  region size 2048K, 8 young (16384K), 8 survivors (16384K)
}
Event: 22.979 {heap Before GC invocations=71 (full 0):
 garbage-first heap   total reserved 4194304K, committed 425984K, used 335857K [0x0000000700000000, 0x0000000800000000)
  region size 2048K, 124 young (253952K), 8 survivors (16384K)
}
Event: 22.987 {heap After GC invocations=72 (full 0):
 garbage-first heap   total reserved 4194304K, committed 425984K, used 99614K [0x0000000700000000, 0x0000000800000000)
  region size 2048K, 8 young (16384K), 8 survivors (16384K)
}
Event: 23.278 {heap Before GC invocations=72 (full 0):
 garbage-first heap   total reserved 4194304K, committed 425984K, used 337182K [0x0000000700000000, 0x0000000800000000)
  region size 2048K, 124 young (253952K), 8 survivors (16384K)
}
Event: 23.287 {heap After GC invocations=73 (full 0):
 garbage-first heap   total reserved 4194304K, committed 425984K, used 99580K [0x0000000700000000, 0x0000000800000000)
  region size 2048K, 8 young (16384K), 8 survivors (16384K)
}
Event: 23.624 {heap Before GC invocations=73 (full 0):
 garbage-first heap   total reserved 4194304K, committed 425984K, used 337148K [0x0000000700000000, 0x0000000800000000)
  region size 2048K, 124 young (253952K), 8 survivors (16384K)
}

Metaspace Usage History (20 events):
Event: 20.711 {metaspace After GC invocations=64 (full 0):
 Metaspace       used 68700K, committed 70272K, reserved 1114112K
  class space    used 9990K, committed 10752K, reserved 1048576K
}
Event: 20.909 {metaspace Before GC invocations=64 (full 0):
 Metaspace       used 68700K, committed 70272K, reserved 1114112K
  class space    used 9990K, committed 10752K, reserved 1048576K
}
Event: 20.916 {metaspace After GC invocations=65 (full 0):
 Metaspace       used 68700K, committed 70272K, reserved 1114112K
  class space    used 9990K, committed 10752K, reserved 1048576K
}
Event: 21.234 {metaspace Before GC invocations=65 (full 0):
 Metaspace       used 68700K, committed 70272K, reserved 1114112K
  class space    used 9990K, committed 10752K, reserved 1048576K
}
Event: 21.241 {metaspace After GC invocations=66 (full 0):
 Metaspace       used 68700K, committed 70272K, reserved 1114112K
  class space    used 9990K, committed 10752K, reserved 1048576K
}
Event: 21.525 {metaspace Before GC invocations=66 (full 0):
 Metaspace       used 68700K, committed 70272K, reserved 1114112K
  class space    used 9990K, committed 10752K, reserved 1048576K
}
Event: 21.532 {metaspace After GC invocations=67 (full 0):
 Metaspace       used 68700K, committed 70272K, reserved 1114112K
  class space    used 9990K, committed 10752K, reserved 1048576K
}
Event: 21.830 {metaspace Before GC invocations=67 (full 0):
 Metaspace       used 68700K, committed 70272K, reserved 1114112K
  class space    used 9990K, committed 10752K, reserved 1048576K
}
Event: 21.838 {metaspace After GC invocations=68 (full 0):
 Metaspace       used 68700K, committed 70272K, reserved 1114112K
  class space    used 9990K, committed 10752K, reserved 1048576K
}
Event: 22.153 {metaspace Before GC invocations=68 (full 0):
 Metaspace       used 68705K, committed 70272K, reserved 1114112K
  class space    used 9990K, committed 10752K, reserved 1048576K
}
Event: 22.161 {metaspace After GC invocations=69 (full 0):
 Metaspace       used 68705K, committed 70272K, reserved 1114112K
  class space    used 9990K, committed 10752K, reserved 1048576K
}
Event: 22.408 {metaspace Before GC invocations=69 (full 0):
 Metaspace       used 68709K, committed 70336K, reserved 1114112K
  class space    used 9990K, committed 10752K, reserved 1048576K
}
Event: 22.416 {metaspace After GC invocations=70 (full 0):
 Metaspace       used 68709K, committed 70336K, reserved 1114112K
  class space    used 9990K, committed 10752K, reserved 1048576K
}
Event: 22.706 {metaspace Before GC invocations=70 (full 0):
 Metaspace       used 68710K, committed 70336K, reserved 1114112K
  class space    used 9990K, committed 10752K, reserved 1048576K
}
Event: 22.716 {metaspace After GC invocations=71 (full 0):
 Metaspace       used 68710K, committed 70336K, reserved 1114112K
  class space    used 9990K, committed 10752K, reserved 1048576K
}
Event: 22.979 {metaspace Before GC invocations=71 (full 0):
 Metaspace       used 68710K, committed 70336K, reserved 1114112K
  class space    used 9990K, committed 10752K, reserved 1048576K
}
Event: 22.987 {metaspace After GC invocations=72 (full 0):
 Metaspace       used 68710K, committed 70336K, reserved 1114112K
  class space    used 9990K, committed 10752K, reserved 1048576K
}
Event: 23.278 {metaspace Before GC invocations=72 (full 0):
 Metaspace       used 68711K, committed 70336K, reserved 1114112K
  class space    used 9990K, committed 10752K, reserved 1048576K
}
Event: 23.287 {metaspace After GC invocations=73 (full 0):
 Metaspace       used 68711K, committed 70336K, reserved 1114112K
  class space    used 9990K, committed 10752K, reserved 1048576K
}
Event: 23.624 {metaspace Before GC invocations=73 (full 0):
 Metaspace       used 68711K, committed 70336K, reserved 1114112K
  class space    used 9990K, committed 10752K, reserved 1048576K
}

Dll operation events (3 events):
Event: 0.016 Loaded shared library C:\Program Files\Android\Android Studio\jbr\bin\java.dll
Event: 0.020 Loaded shared library C:\Program Files\Android\Android Studio\jbr\bin\zip.dll
Event: 0.897 Loaded shared library C:\Program Files\Android\Android Studio\jbr\bin\verify.dll

Deoptimization events (20 events):
Event: 22.841 Thread 0x000001a12f6e06d0 Uncommon trap: trap_request=0xffffff45 fr.pc=0x000001a11a2067b0 relative=0x0000000000000f30
Event: 22.841 Thread 0x000001a12f6e06d0 Uncommon trap: reason=unstable_if action=reinterpret pc=0x000001a11a2067b0 method=org.gradle.api.internal.runtimeshaded.RuntimeShadedJarCreator.processEntry(Lorg/gradle/internal/classpath/ClasspathBuilder$EntryBuilder;Lorg/gradle/internal/classpath/Classp
Event: 22.841 Thread 0x000001a12f6e06d0 DEOPT PACKING pc=0x000001a11a2067b0 sp=0x00000037acff6860
Event: 22.841 Thread 0x000001a12f6e06d0 DEOPT UNPACKING pc=0x000001a1199c7402 sp=0x00000037acff6768 mode 2
Event: 22.841 Thread 0x000001a12f6e06d0 Uncommon trap: trap_request=0xffffff45 fr.pc=0x000001a11a20b0ac relative=0x0000000000000eac
Event: 22.841 Thread 0x000001a12f6e06d0 Uncommon trap: reason=unstable_if action=reinterpret pc=0x000001a11a20b0ac method=org.gradle.api.internal.runtimeshaded.RuntimeShadedJarCreator.processEntry(Lorg/gradle/internal/classpath/ClasspathBuilder$EntryBuilder;Lorg/gradle/internal/classpath/Classp
Event: 22.841 Thread 0x000001a12f6e06d0 DEOPT PACKING pc=0x000001a11a20b0ac sp=0x00000037acff67d0
Event: 22.841 Thread 0x000001a12f6e06d0 DEOPT UNPACKING pc=0x000001a1199c7402 sp=0x00000037acff6768 mode 2
Event: 22.841 Thread 0x000001a12f6e06d0 Uncommon trap: trap_request=0xffffff45 fr.pc=0x000001a11a20fc38 relative=0x0000000000000eb8
Event: 22.841 Thread 0x000001a12f6e06d0 Uncommon trap: reason=unstable_if action=reinterpret pc=0x000001a11a20fc38 method=org.gradle.api.internal.runtimeshaded.RuntimeShadedJarCreator.processEntry(Lorg/gradle/internal/classpath/ClasspathBuilder$EntryBuilder;Lorg/gradle/internal/classpath/Classp
Event: 22.841 Thread 0x000001a12f6e06d0 DEOPT PACKING pc=0x000001a11a20fc38 sp=0x00000037acff6750
Event: 22.841 Thread 0x000001a12f6e06d0 DEOPT UNPACKING pc=0x000001a1199c7402 sp=0x00000037acff6768 mode 2
Event: 22.927 Thread 0x000001a12f6e06d0 Uncommon trap: trap_request=0xffffff45 fr.pc=0x000001a11a1cc110 relative=0x0000000000004690
Event: 22.927 Thread 0x000001a12f6e06d0 Uncommon trap: reason=unstable_if action=reinterpret pc=0x000001a11a1cc110 method=org.objectweb.asm.ClassReader.accept(Lorg/objectweb/asm/ClassVisitor;[Lorg/objectweb/asm/Attribute;I)V @ 287 c2
Event: 22.927 Thread 0x000001a12f6e06d0 DEOPT PACKING pc=0x000001a11a1cc110 sp=0x00000037acff65a0
Event: 22.927 Thread 0x000001a12f6e06d0 DEOPT UNPACKING pc=0x000001a1199c7402 sp=0x00000037acff6568 mode 2
Event: 22.927 Thread 0x000001a12f6e06d0 Uncommon trap: trap_request=0xffffff45 fr.pc=0x000001a11a191fd0 relative=0x0000000000004350
Event: 22.927 Thread 0x000001a12f6e06d0 Uncommon trap: reason=unstable_if action=reinterpret pc=0x000001a11a191fd0 method=org.objectweb.asm.ClassWriter.toByteArray()[B @ 439 c2
Event: 22.927 Thread 0x000001a12f6e06d0 DEOPT PACKING pc=0x000001a11a191fd0 sp=0x00000037acff6650
Event: 22.927 Thread 0x000001a12f6e06d0 DEOPT UNPACKING pc=0x000001a1199c7402 sp=0x00000037acff65f8 mode 2

Classes loaded (20 events):
Event: 16.933 Loading class java/lang/invoke/BoundMethodHandle$Species_LLLI
Event: 16.933 Loading class java/lang/invoke/BoundMethodHandle$Species_LLLI done
Event: 16.934 Loading class java/lang/invoke/BoundMethodHandle$Species_LLLIL
Event: 16.934 Loading class java/lang/invoke/BoundMethodHandle$Species_LLLIL done
Event: 16.936 Loading class java/lang/invoke/BoundMethodHandle$Species_LLLILL
Event: 16.936 Loading class java/lang/invoke/BoundMethodHandle$Species_LLLILL done
Event: 17.115 Loading class java/util/AbstractCollectionBeanInfo
Event: 17.115 Loading class java/util/AbstractCollectionBeanInfo done
Event: 17.115 Loading class java/util/AbstractCollectionBeanInfo
Event: 17.115 Loading class java/util/AbstractCollectionBeanInfo done
Event: 17.115 Loading class java/util/AbstractCollectionCustomizer
Event: 17.115 Loading class java/util/AbstractCollectionCustomizer done
Event: 17.115 Loading class java/util/AbstractCollectionCustomizer
Event: 17.115 Loading class java/util/AbstractCollectionCustomizer done
Event: 17.148 Loading class java/util/Collections$SynchronizedRandomAccessList
Event: 17.148 Loading class java/util/Collections$SynchronizedList
Event: 17.149 Loading class java/util/Collections$SynchronizedList done
Event: 17.149 Loading class java/util/Collections$SynchronizedRandomAccessList done
Event: 19.199 Loading class java/util/regex/Pattern$Caret
Event: 19.199 Loading class java/util/regex/Pattern$Caret done

Classes unloaded (11 events):
Event: 9.372 Thread 0x000001a128932910 Unloading class 0x000000008986c538 '_BuildScript_$_run_closure1'
Event: 9.372 Thread 0x000001a128932910 Unloading class 0x000000008986c000 '_BuildScript_'
Event: 11.127 Thread 0x000001a128932910 Unloading class 0x0000000089920960 '_BuildScript_$_run_closure1$_closure2'
Event: 11.127 Thread 0x000001a128932910 Unloading class 0x0000000089920538 '_BuildScript_$_run_closure1'
Event: 11.127 Thread 0x000001a128932910 Unloading class 0x0000000089920000 '_BuildScript_'
Event: 14.717 Thread 0x000001a128932910 Unloading class 0x0000000089a40960 '_BuildScript_$_run_closure1$_closure2'
Event: 14.717 Thread 0x000001a128932910 Unloading class 0x0000000089a40538 '_BuildScript_$_run_closure1'
Event: 14.717 Thread 0x000001a128932910 Unloading class 0x0000000089a40000 '_BuildScript_'
Event: 14.717 Thread 0x000001a128932910 Unloading class 0x0000000089a34960 '_BuildScript_$_run_closure2'
Event: 14.717 Thread 0x000001a128932910 Unloading class 0x0000000089a34538 '_BuildScript_$_run_closure1'
Event: 14.717 Thread 0x000001a128932910 Unloading class 0x0000000089a34000 '_BuildScript_'

Classes redefined (0 events):
No events

Internal exceptions (20 events):
Event: 17.141 Thread 0x000001a12f6e06d0 Exception <a 'sun/nio/fs/WindowsException'{0x000000070a803c20}> (0x000000070a803c20) 
thrown [s\src\hotspot\share\prims\jni.cpp, line 535]
Event: 17.143 Thread 0x000001a12f6e06d0 Exception <a 'java/lang/NoSuchMethodError'{0x000000070a81fc88}: 'java.lang.Object java.lang.invoke.Invokers$Holder.invoker(java.lang.Object, java.lang.Object, java.lang.Object, java.lang.Object, java.lang.Object, java.lang.Object)'> (0x000000070a81fc88) 
thrown [s\src\hotspot\share\interpreter\linkResolver.cpp, line 815]
Event: 17.153 Thread 0x000001a12f6e06d0 Exception <a 'sun/nio/fs/WindowsException'{0x000000070a91d090}> (0x000000070a91d090) 
thrown [s\src\hotspot\share\prims\jni.cpp, line 535]
Event: 17.154 Thread 0x000001a12f6e06d0 Exception <a 'java/lang/NoSuchMethodError'{0x000000070a926278}: 'java.lang.Object java.lang.invoke.DirectMethodHandle$Holder.invokeSpecial(java.lang.Object, java.lang.Object, java.lang.Object, java.lang.Object, java.lang.Object, java.lang.Object, java.lang.Object, java.lang.Object, java.lang.Object, java.lang.Object, java.lang.Object, java.lang.Object, java.lang.Object, java.lang.Object, java.lang.Object, java.lang.Object, java.lang.Object, java.lang.Object, java.lang.Object, java.lang.Object, java.lang.Ob
Event: 17.155 Thread 0x000001a12f6e06d0 Exception <a 'java/lang/NoSuchMethodError'{0x000000070a930d70}: 'java.lang.Object java.lang.invoke.DelegatingMethodHandle$Holder.reinvoke_L(java.lang.Object, java.lang.Object, java.lang.Object, java.lang.Object, java.lang.Object, java.lang.Object, java.lang.Object, java.lang.Object, java.lang.Object, java.lang.Object, java.lang.Object, java.lang.Object, java.lang.Object, java.lang.Object, java.lang.Object, java.lang.Object, java.lang.Object, java.lang.Object, java.lang.Object, java.lang.Object, java.lang.O
Event: 17.155 Thread 0x000001a12f6e06d0 Exception <a 'java/lang/NoSuchMethodError'{0x000000070a9456b8}: 'java.lang.Object java.lang.invoke.Invokers$Holder.invoker(java.lang.Object, java.lang.Object, java.lang.Object, java.lang.Object, java.lang.Object, java.lang.Object, java.lang.Object, java.lang.Object, java.lang.Object, java.lang.Object, java.lang.Object, java.lang.Object, java.lang.Object, java.lang.Object, java.lang.Object, java.lang.Object, java.lang.Object, java.lang.Object, java.lang.Object, java.lang.Object, java.lang.Object, java.lang.
Event: 17.155 Thread 0x000001a12f6e06d0 Exception <a 'java/lang/NoSuchMethodError'{0x000000070a950c98}: 'java.lang.Object java.lang.invoke.DelegatingMethodHandle$Holder.delegate(java.lang.Object, java.lang.Object, java.lang.Object, java.lang.Object, java.lang.Object, java.lang.Object, java.lang.Object, java.lang.Object, java.lang.Object, java.lang.Object, java.lang.Object, java.lang.Object, java.lang.Object, java.lang.Object, java.lang.Object, java.lang.Object, java.lang.Object, java.lang.Object, java.lang.Object, java.lang.Object, java.lang.Obj
Event: 17.168 Thread 0x000001a12f6e06d0 Exception <a 'sun/nio/fs/WindowsException'{0x000000070a7342a8}> (0x000000070a7342a8) 
thrown [s\src\hotspot\share\prims\jni.cpp, line 535]
Event: 17.168 Thread 0x000001a12f6e06d0 Exception <a 'sun/nio/fs/WindowsException'{0x000000070a735ed0}> (0x000000070a735ed0) 
thrown [s\src\hotspot\share\prims\jni.cpp, line 535]
Event: 17.168 Thread 0x000001a12f6e06d0 Exception <a 'sun/nio/fs/WindowsException'{0x000000070a737af8}> (0x000000070a737af8) 
thrown [s\src\hotspot\share\prims\jni.cpp, line 535]
Event: 17.168 Thread 0x000001a12f6e06d0 Exception <a 'sun/nio/fs/WindowsException'{0x000000070a739700}> (0x000000070a739700) 
thrown [s\src\hotspot\share\prims\jni.cpp, line 535]
Event: 17.193 Thread 0x000001a12f6e06d0 Exception <a 'java/lang/NoSuchMethodError'{0x000000070a431990}: 'java.lang.Object java.lang.invoke.DirectMethodHandle$Holder.newInvokeSpecial(java.lang.Object, java.lang.Object, java.lang.Object, java.lang.Object, java.lang.Object, java.lang.Object, int)'> (0x000000070a431990) 
thrown [s\src\hotspot\share\interpreter\linkResolver.cpp, line 815]
Event: 17.193 Thread 0x000001a12f6e06d0 Exception <a 'java/lang/NoSuchMethodError'{0x000000070a43b200}: 'java.lang.Object java.lang.invoke.DirectMethodHandle$Holder.invokeSpecial(java.lang.Object, java.lang.Object, java.lang.Object, java.lang.Object, java.lang.Object, java.lang.Object, java.lang.Object, int)'> (0x000000070a43b200) 
thrown [s\src\hotspot\share\interpreter\linkResolver.cpp, line 815]
Event: 17.193 Thread 0x000001a12f6e06d0 Exception <a 'java/lang/NoSuchMethodError'{0x000000070a444250}: 'java.lang.Object java.lang.invoke.Invokers$Holder.linkToTargetMethod(java.lang.Object, java.lang.Object, java.lang.Object, java.lang.Object, java.lang.Object, int, java.lang.Object)'> (0x000000070a444250) 
thrown [s\src\hotspot\share\interpreter\linkResolver.cpp, line 815]
Event: 17.264 Thread 0x000001a12f6e06d0 Exception <a 'sun/nio/fs/WindowsException'{0x00000007086fcf88}> (0x00000007086fcf88) 
thrown [s\src\hotspot\share\prims\jni.cpp, line 535]
Event: 17.276 Thread 0x000001a12f6e06d0 Exception <a 'sun/nio/fs/WindowsException'{0x00000007087d3b70}> (0x00000007087d3b70) 
thrown [s\src\hotspot\share\prims\jni.cpp, line 535]
Event: 17.277 Thread 0x000001a12f6e06d0 Exception <a 'sun/nio/fs/WindowsException'{0x00000007087d5ab0}> (0x00000007087d5ab0) 
thrown [s\src\hotspot\share\prims\jni.cpp, line 535]
Event: 17.277 Thread 0x000001a12f6e06d0 Exception <a 'sun/nio/fs/WindowsException'{0x00000007087d76a8}> (0x00000007087d76a8) 
thrown [s\src\hotspot\share\prims\jni.cpp, line 535]
Event: 17.282 Thread 0x000001a12f6e06d0 Implicit null exception at 0x000001a11a0336d5 to 0x000001a11a033d2c
Event: 22.629 Thread 0x000001a12f6d5f70 Exception <a 'sun/nio/fs/WindowsException'{0x000000070fb21420}> (0x000000070fb21420) 
thrown [s\src\hotspot\share\prims\jni.cpp, line 535]

VM Operations (20 events):
Event: 20.711 Executing safepoint VM operation: G1CollectForAllocation (G1 Evacuation Pause) done
Event: 20.909 Executing safepoint VM operation: G1CollectForAllocation (G1 Evacuation Pause)
Event: 20.916 Executing safepoint VM operation: G1CollectForAllocation (G1 Evacuation Pause) done
Event: 21.234 Executing safepoint VM operation: G1CollectForAllocation (G1 Evacuation Pause)
Event: 21.241 Executing safepoint VM operation: G1CollectForAllocation (G1 Evacuation Pause) done
Event: 21.525 Executing safepoint VM operation: G1CollectForAllocation (G1 Evacuation Pause)
Event: 21.532 Executing safepoint VM operation: G1CollectForAllocation (G1 Evacuation Pause) done
Event: 21.830 Executing safepoint VM operation: G1CollectForAllocation (G1 Evacuation Pause)
Event: 21.838 Executing safepoint VM operation: G1CollectForAllocation (G1 Evacuation Pause) done
Event: 22.153 Executing safepoint VM operation: G1CollectForAllocation (G1 Evacuation Pause)
Event: 22.161 Executing safepoint VM operation: G1CollectForAllocation (G1 Evacuation Pause) done
Event: 22.408 Executing safepoint VM operation: G1CollectForAllocation (G1 Evacuation Pause)
Event: 22.416 Executing safepoint VM operation: G1CollectForAllocation (G1 Evacuation Pause) done
Event: 22.706 Executing safepoint VM operation: G1CollectForAllocation (G1 Evacuation Pause)
Event: 22.716 Executing safepoint VM operation: G1CollectForAllocation (G1 Evacuation Pause) done
Event: 22.979 Executing safepoint VM operation: G1CollectForAllocation (G1 Evacuation Pause)
Event: 22.987 Executing safepoint VM operation: G1CollectForAllocation (G1 Evacuation Pause) done
Event: 23.278 Executing safepoint VM operation: G1CollectForAllocation (G1 Evacuation Pause)
Event: 23.287 Executing safepoint VM operation: G1CollectForAllocation (G1 Evacuation Pause) done
Event: 23.624 Executing safepoint VM operation: G1CollectForAllocation (G1 Evacuation Pause)

Memory protections (0 events):
No events

Nmethod flushes (20 events):
Event: 19.183 Thread 0x000001a128932910 flushing  nmethod 0x000001a112eb5f88
Event: 19.183 Thread 0x000001a128932910 flushing  nmethod 0x000001a112ec8388
Event: 19.183 Thread 0x000001a128932910 flushing  nmethod 0x000001a112ec8c88
Event: 19.183 Thread 0x000001a128932910 flushing  nmethod 0x000001a112ec9588
Event: 19.183 Thread 0x000001a128932910 flushing  nmethod 0x000001a112ec9c08
Event: 19.183 Thread 0x000001a128932910 flushing  nmethod 0x000001a112ecb308
Event: 19.741 Thread 0x000001a128932910 flushing  nmethod 0x000001a11a034608
Event: 19.741 Thread 0x000001a128932910 flushing  nmethod 0x000001a1123e0888
Event: 19.741 Thread 0x000001a128932910 flushing  nmethod 0x000001a1124aad08
Event: 19.741 Thread 0x000001a128932910 flushing  nmethod 0x000001a112cde488
Event: 19.741 Thread 0x000001a128932910 flushing  nmethod 0x000001a112ce0d88
Event: 19.741 Thread 0x000001a128932910 flushing  nmethod 0x000001a112ed2b08
Event: 19.741 Thread 0x000001a128932910 flushing  nmethod 0x000001a112ed3108
Event: 19.741 Thread 0x000001a128932910 flushing  nmethod 0x000001a112ed5988
Event: 19.741 Thread 0x000001a128932910 flushing  nmethod 0x000001a112830508
Event: 19.741 Thread 0x000001a128932910 flushing  nmethod 0x000001a112962f88
Event: 19.741 Thread 0x000001a128932910 flushing  nmethod 0x000001a112e59288
Event: 19.741 Thread 0x000001a128932910 flushing  nmethod 0x000001a112ecf088
Event: 19.741 Thread 0x000001a128932910 flushing  nmethod 0x000001a112ecf488
Event: 19.741 Thread 0x000001a128932910 flushing  nmethod 0x000001a112ee2f88

Events (20 events):
Event: 4.718 Thread 0x000001a12f6e06d0 Thread added: 0x000001a12fc566b0
Event: 5.161 Thread 0x000001a12d052a70 Thread exited: 0x000001a12d052a70
Event: 5.735 Thread 0x000001a12f6e06d0 Thread added: 0x000001a12fc57e20
Event: 5.735 Thread 0x000001a12f6e06d0 Thread added: 0x000001a12fc58dc0
Event: 5.735 Thread 0x000001a12f6e06d0 Thread added: 0x000001a12fc56e80
Event: 5.736 Thread 0x000001a12f6e06d0 Thread added: 0x000001a12da33490
Event: 6.435 Thread 0x000001a12f6e06d0 Thread added: 0x000001a12de1b500
Event: 6.501 Thread 0x000001a12f6e06d0 Thread added: 0x000001a12de195c0
Event: 6.763 Thread 0x000001a12f6e06d0 Thread added: 0x000001a12de1a560
Event: 6.820 Thread 0x000001a12f6e06d0 Thread added: 0x000001a12de1ad30
Event: 9.357 Thread 0x000001a12f6e06d0 Thread added: 0x000001a12da324f0
Event: 9.358 Thread 0x000001a12f6e06d0 Thread added: 0x000001a12da33c60
Event: 9.780 Thread 0x000001a12f6e06d0 Thread added: 0x000001a12da30d80
Event: 9.781 Thread 0x000001a12f6e06d0 Thread added: 0x000001a12da353d0
Event: 13.034 Thread 0x000001a12f6e06d0 Thread added: 0x000001a12e752e50
Event: 13.035 Thread 0x000001a12f6e06d0 Thread added: 0x000001a12e74f7a0
Event: 13.035 Thread 0x000001a12f6e06d0 Thread added: 0x000001a12e750740
Event: 13.513 Thread 0x000001a12f6e06d0 Thread added: 0x000001a12e74ff70
Event: 13.513 Thread 0x000001a12f6e06d0 Thread added: 0x000001a12e754d90
Event: 13.513 Thread 0x000001a12f6e06d0 Thread added: 0x000001a12e7545c0


Dynamic libraries:
0x00007ff601fc0000 - 0x00007ff601fca000 	C:\Program Files\Android\Android Studio\jbr\bin\java.exe
0x00007fffadec0000 - 0x00007fffae127000 	C:\WINDOWS\SYSTEM32\ntdll.dll
0x00007fffabc90000 - 0x00007fffabd5b000 	C:\WINDOWS\System32\KERNEL32.DLL
0x00007fffab0f0000 - 0x00007fffab4f2000 	C:\WINDOWS\System32\KERNELBASE.dll
0x00007fffa7ad0000 - 0x00007fffa7b6f000 	C:\WINDOWS\SYSTEM32\apphelp.dll
0x00007fffab830000 - 0x00007fffab97c000 	C:\WINDOWS\System32\ucrtbase.dll
0x00007fff9e7c0000 - 0x00007fff9e7db000 	C:\Program Files\Android\Android Studio\jbr\bin\VCRUNTIME140.dll
0x00007fff99720000 - 0x00007fff99736000 	C:\Program Files\Android\Android Studio\jbr\bin\jli.dll
0x00007fffacc40000 - 0x00007ffface0f000 	C:\WINDOWS\System32\USER32.dll
0x00007fffab0c0000 - 0x00007fffab0e7000 	C:\WINDOWS\System32\win32u.dll
0x00007fff8efe0000 - 0x00007fff8f270000 	C:\WINDOWS\WinSxS\amd64_microsoft.windows.common-controls_6595b64144ccf1df_6.0.26100.9278_none_3e0d1ba8e3303201\COMCTL32.dll
0x00007fffadc60000 - 0x00007fffadc8b000 	C:\WINDOWS\System32\GDI32.dll
0x00007fffab500000 - 0x00007fffab629000 	C:\WINDOWS\System32\gdi32full.dll
0x00007fffab630000 - 0x00007fffab6d3000 	C:\WINDOWS\System32\msvcp_win.dll
0x00007fffabbe0000 - 0x00007fffabc89000 	C:\WINDOWS\System32\msvcrt.dll
0x00007fffadc20000 - 0x00007fffadc51000 	C:\WINDOWS\System32\IMM32.DLL
0x00007fffa7980000 - 0x00007fffa798c000 	C:\Program Files\Android\Android Studio\jbr\bin\vcruntime140_1.dll
0x00007fff7a100000 - 0x00007fff7a18d000 	C:\Program Files\Android\Android Studio\jbr\bin\msvcp140.dll
0x00007fff12470000 - 0x00007fff1334d000 	C:\Program Files\Android\Android Studio\jbr\bin\server\jvm.dll
0x00007fffadda0000 - 0x00007fffade5c000 	C:\WINDOWS\System32\ADVAPI32.dll
0x00007ffface20000 - 0x00007fffacec9000 	C:\WINDOWS\System32\sechost.dll
0x00007fffada60000 - 0x00007fffadb78000 	C:\WINDOWS\System32\RPCRT4.dll
0x00007fffac200000 - 0x00007fffac280000 	C:\WINDOWS\System32\WS2_32.dll
0x00007fffaaf40000 - 0x00007fffaaf9e000 	C:\WINDOWS\SYSTEM32\POWRPROF.dll
0x00007fff96990000 - 0x00007fff969c6000 	C:\WINDOWS\SYSTEM32\WINMM.dll
0x00007fff9d3a0000 - 0x00007fff9d3ab000 	C:\WINDOWS\SYSTEM32\VERSION.dll
0x00007fffaaf20000 - 0x00007fffaaf35000 	C:\WINDOWS\SYSTEM32\UMPDC.dll
0x00007fffa9d90000 - 0x00007fffa9dab000 	C:\WINDOWS\SYSTEM32\kernel.appcore.dll
0x00007fffa58a0000 - 0x00007fffa58aa000 	C:\Program Files\Android\Android Studio\jbr\bin\jimage.dll
0x00007fffa8640000 - 0x00007fffa888c000 	C:\WINDOWS\SYSTEM32\DBGHELP.DLL
0x00007fffac6f0000 - 0x00007fffaca75000 	C:\WINDOWS\System32\combase.dll
0x00007fffacf50000 - 0x00007fffad029000 	C:\WINDOWS\System32\OLEAUT32.dll
0x00007fff80770000 - 0x00007fff807ab000 	C:\WINDOWS\SYSTEM32\dbgcore.DLL
0x00007fffab990000 - 0x00007fffaba3c000 	C:\WINDOWS\System32\bcryptPrimitives.dll
0x00007fff974e0000 - 0x00007fff974ee000 	C:\Program Files\Android\Android Studio\jbr\bin\instrument.dll
0x00007fff9e7a0000 - 0x00007fff9e7be000 	C:\Program Files\Android\Android Studio\jbr\bin\java.dll
0x00007fffad8c0000 - 0x00007fffada5a000 	C:\WINDOWS\System32\ole32.dll
0x00007fffad030000 - 0x00007fffad7c8000 	C:\WINDOWS\System32\SHELL32.dll
0x00007fff9e720000 - 0x00007fff9e736000 	C:\Program Files\Android\Android Studio\jbr\bin\zip.dll
0x00007fffa8b60000 - 0x00007fffa940e000 	C:\WINDOWS\SYSTEM32\windows.storage.dll
0x00007fffac5f0000 - 0x00007fffac6eb000 	C:\WINDOWS\System32\SHCORE.dll
0x00007fffacee0000 - 0x00007fffacf46000 	C:\WINDOWS\System32\shlwapi.dll
0x00007fffaafe0000 - 0x00007fffab009000 	C:\WINDOWS\SYSTEM32\profapi.dll
0x00007fff9e640000 - 0x00007fff9e650000 	C:\Program Files\Android\Android Studio\jbr\bin\net.dll
0x00007fffaa350000 - 0x00007fffaa3bc000 	C:\WINDOWS\system32\mswsock.dll
0x00007fff8aa50000 - 0x00007fff8aa66000 	C:\Program Files\Android\Android Studio\jbr\bin\nio.dll
0x00007fff9a120000 - 0x00007fff9a130000 	C:\Program Files\Android\Android Studio\jbr\bin\verify.dll
0x00007fff9e6d0000 - 0x00007fff9e6f7000 	C:\Users\Windows_11\.gradle\native\660c5614fbf4a5f2a75b1949f50a0caf5cd603558e7d8a26e50b933a0cfb79d1\windows-amd64\native-platform.dll
0x00007fff80480000 - 0x00007fff804f7000 	C:\Users\Windows_11\.gradle\native\0.2.8\x86_64-windows-gnu\gradle-fileevents.dll
0x00007fff9db00000 - 0x00007fff9db09000 	C:\Program Files\Android\Android Studio\jbr\bin\management.dll
0x00007fff9d100000 - 0x00007fff9d10b000 	C:\Program Files\Android\Android Studio\jbr\bin\management_ext.dll
0x00007fffabd60000 - 0x00007fffabd68000 	C:\WINDOWS\System32\PSAPI.DLL
0x00007fffa9760000 - 0x00007fffa9793000 	C:\WINDOWS\SYSTEM32\IPHLPAPI.DLL
0x00007fffaced0000 - 0x00007fffaceda000 	C:\WINDOWS\System32\NSI.dll
0x00007fff9e540000 - 0x00007fff9e549000 	C:\Program Files\Android\Android Studio\jbr\bin\extnet.dll
0x00007fffaa640000 - 0x00007fffaa65b000 	C:\WINDOWS\SYSTEM32\CRYPTSP.dll
0x00007fffa9cf0000 - 0x00007fffa9d29000 	C:\WINDOWS\system32\rsaenh.dll
0x00007fffaa400000 - 0x00007fffaa434000 	C:\WINDOWS\SYSTEM32\USERENV.dll
0x00007fffaafb0000 - 0x00007fffaafda000 	C:\WINDOWS\SYSTEM32\bcrypt.dll
0x00007fffaa660000 - 0x00007fffaa66c000 	C:\WINDOWS\SYSTEM32\CRYPTBASE.dll
0x00007fff4c1e0000 - 0x00007fff4c1e8000 	C:\WINDOWS\system32\wshunix.dll
0x00007fffa9ec0000 - 0x00007fffa9ef6000 	C:\WINDOWS\SYSTEM32\ntmarta.dll

JVMTI agents:
C:\Users\Windows_11\.gradle\wrapper\dists\gradle-9.3.1-bin\23ovyewtku6u96viwx3xl3oks\gradle-9.3.1\lib\agents\gradle-instrumentation-agent-9.3.1.jar path:C:\Program Files\Android\Android Studio\jbr\bin\instrument.dll, loaded, initialized, instrumentlib options:none

dbghelp: loaded successfully - version: 4.0.5 - missing functions: none
symbol engine: initialized successfully - sym options: 0x614 - pdb path: .;C:\Program Files\Android\Android Studio\jbr\bin;C:\WINDOWS\SYSTEM32;C:\WINDOWS\WinSxS\amd64_microsoft.windows.common-controls_6595b64144ccf1df_6.0.26100.9278_none_3e0d1ba8e3303201;C:\Program Files\Android\Android Studio\jbr\bin\server;C:\Users\Windows_11\.gradle\native\660c5614fbf4a5f2a75b1949f50a0caf5cd603558e7d8a26e50b933a0cfb79d1\windows-amd64;C:\Users\Windows_11\.gradle\native\0.2.8\x86_64-windows-gnu

VM Arguments:
jvm_args: --add-opens=java.base/java.lang=ALL-UNNAMED --add-opens=java.base/java.lang.invoke=ALL-UNNAMED --add-opens=java.base/java.util=ALL-UNNAMED --add-opens=java.prefs/java.util.prefs=ALL-UNNAMED --add-exports=jdk.compiler/com.sun.tools.javac.api=ALL-UNNAMED --add-exports=jdk.compiler/com.sun.tools.javac.util=ALL-UNNAMED --add-opens=java.base/java.util=ALL-UNNAMED --add-opens=java.prefs/java.util.prefs=ALL-UNNAMED --add-opens=java.base/java.nio.charset=ALL-UNNAMED --add-opens=java.base/java.net=ALL-UNNAMED --add-opens=java.base/java.util.concurrent=ALL-UNNAMED --add-opens=java.base/java.util.concurrent.atomic=ALL-UNNAMED --add-opens=java.xml/javax.xml.namespace=ALL-UNNAMED --add-opens=java.base/java.time=ALL-UNNAMED --enable-native-access=ALL-UNNAMED -Xmx4g -Dfile.encoding=UTF-8 -Duser.country=US -Duser.language=en -Duser.variant -javaagent:C:\Users\Windows_11\.gradle\wrapper\dists\gradle-9.3.1-bin\23ovyewtku6u96viwx3xl3oks\gradle-9.3.1\lib\agents\gradle-instrumentation-agent-9.3.1.jar 
java_command: org.gradle.launcher.daemon.bootstrap.GradleDaemon 9.3.1
java_class_path (initial): C:\Users\Windows_11\.gradle\wrapper\dists\gradle-9.3.1-bin\23ovyewtku6u96viwx3xl3oks\gradle-9.3.1\lib\gradle-daemon-main-9.3.1.jar
Launcher Type: SUN_STANDARD

[Global flags]
     intx CICompilerCount                          = 3                                         {product} {ergonomic}
     uint ConcGCThreads                            = 1                                         {product} {ergonomic}
     uint G1ConcRefinementThreads                  = 4                                         {product} {ergonomic}
   size_t G1HeapRegionSize                         = 2097152                                   {product} {ergonomic}
   size_t InitialHeapSize                          = 130023424                                 {product} {ergonomic}
   size_t MarkStackSize                            = 4194304                                   {product} {ergonomic}
   size_t MarkStackSizeMax                         = 536870912                                 {product} {ergonomic}
   size_t MaxHeapSize                              = 4294967296                                {product} {command line}
   size_t MaxNewSize                               = 2575302656                                {product} {ergonomic}
   size_t MinHeapDeltaBytes                        = 2097152                                   {product} {ergonomic}
   size_t MinHeapSize                              = 8388608                                   {product} {ergonomic}
    uintx NonNMethodCodeHeapSize                   = 5898240                                {pd product} {ergonomic}
    uintx NonProfiledCodeHeapSize                  = 122945536                              {pd product} {ergonomic}
    uintx ProfiledCodeHeapSize                     = 122945536                              {pd product} {ergonomic}
    uintx ReservedCodeCacheSize                    = 251789312                              {pd product} {ergonomic}
     bool SegmentedCodeCache                       = true                                      {product} {ergonomic}
   size_t SoftMaxHeapSize                          = 4294967296                             {manageable} {ergonomic}
     bool UseCompressedOops                        = true                           {product lp64_product} {ergonomic}
     bool UseG1GC                                  = true                                      {product} {ergonomic}
     bool UseLargePagesIndividualAllocation        = false                                  {pd product} {ergonomic}

Logging:
Log output configuration:
 #0: stdout all=warning uptime,level,tags foldmultilines=false
 #1: stderr all=off uptime,level,tags foldmultilines=false

Release file:
JAVA_VERSION="25.0.3" 
MODULES="java.base java.compiler java.datatransfer java.xml java.prefs java.desktop java.instrument java.logging java.management java.security.sasl java.naming java.rmi java.management.rmi java.net.http java.scripting java.security.jgss java.transaction.xa java.sql java.sql.rowset java.xml.crypto java.se java.smartcardio jdk.accessibility jdk.internal.jvmstat jdk.attach jdk.charsets jdk.internal.opt jdk.zipfs jdk.compiler jdk.crypto.cryptoki jdk.crypto.ec jdk.dynalink jdk.hotspot.agent jdk.httpserver jdk.internal.ed jdk.internal.le jdk.internal.md jdk.internal.vm.ci jdk.jartool jdk.javadoc jdk.jcmd jdk.jdeps jdk.jdwp.agent jdk.jdi jdk.jfr jdk.jlink jdk.localedata jdk.management jdk.management.agent jdk.management.jfr jdk.naming.dns jdk.naming.rmi jdk.net jdk.sctp jdk.security.auth jdk.security.jgss jdk.unsupported jdk.unsupported.desktop jdk.xml.dom" 
IMPLEMENTOR="JetBrains s.r.o." 
JAVA_RUNTIME_VERSION="25.0.3+-15898627-b508.16" 
LIBC="default" 
OS_ARCH="x86_64" 
OS_NAME="Windows" 
SOURCE=".:git:a8b1dba3234f" 

Environment Variables:
PATH=C:\Program Files\Google\Chrome\Application;C:\Python314\Scripts\;C:\Python314\;C:\Program Files (x86)\Common Files\Intel\Shared Libraries\redist\intel64\compiler;C:\WINDOWS\system32;C:\WINDOWS;C:\WINDOWS\System32\Wbem;C:\WINDOWS\System32\WindowsPowerShell\v1.0\;C:\WINDOWS\System32\OpenSSH\;C:\ProgramData\chocolatey\bin;C:\Program Files\dotnet\;C:\Program Files\nodejs\;C:\Users\Windows_11\AppData\Local\Microsoft\WindowsApps;C:\MinGW\bin;D:\Software\flutter_windows_3.3.10-stable\flutter\bin;C:\Program Files\JetBrains\IntelliJ IDEA Community Edition 2023.3.2\bin;;C:\Users\Windows_11\AppData\Roaming\npm;C:\Users\Windows_11\AppData\Local\Programs\Microsoft VS Code\bin
USERNAME=Windows_11
OS=Windows_NT
PROCESSOR_IDENTIFIER=Intel64 Family 6 Model 126 Stepping 5, GenuineIntel
TMP=C:\Users\WINDOW~1\AppData\Local\Temp
TEMP=C:\Users\WINDOW~1\AppData\Local\Temp




Compilation memory statistics disabled.

Periodic native trim disabled

JNI global refs:
JNI global refs: 24, weak refs: 0

JNI global refs memory usage: 835, weak refs: 833

Process memory usage:
Resident Set Size: 639980K (7% of 8124792K total physical memory with 166880K free physical memory)

OOME stack traces (most recent first):
Classloader memory used:
Loader org.gradle.internal.classloader.VisitableURLClassLoader                         : 36924 K
Loader bootstrap                                                                       : 22919 K
Loader org.gradle.initialization.MixInLegacyTypesClassLoader                           : 6738 K
Loader org.gradle.internal.classloader.VisitableURLClassLoader                         : 799 K
Loader org.gradle.internal.classloader.VisitableURLClassLoader$InstrumentingVisitableURLClassLoader: 584 K
Loader jdk.internal.loader.ClassLoaders$PlatformClassLoader                            : 375 K
Loader jdk.internal.loader.ClassLoaders$AppClassLoader                                 : 224 K
Loader org.gradle.groovy.scripts.internal.DefaultScriptCompilationHandler$ScriptClassLoader: 99600 B
Loader groovy.lang.GroovyClassLoader$InnerLoader                                       : 47944 B

Classes loaded by more than one classloader:
Class org.gradle.internal.IoActions                                                   : loaded 3 times (x 73B)
Class org.gradle.api.Action                                                           : loaded 3 times (x 72B)
Class org.gradle.api.GradleException                                                  : loaded 3 times (x 84B)
Class org.gradle.api.internal.classpath.ManifestUtil                                  : loaded 2 times (x 73B)
Class com.google.common.collect.UnmodifiableListIterator                              : loaded 2 times (x 97B)
Class org.gradle.internal.operations.MultipleBuildOperationFailures                   : loaded 2 times (x 97B)
Class org.gradle.internal.classloader.DefaultClassLoaderFactory                       : loaded 2 times (x 84B)
Class kotlin.collections.AbstractList$Companion                                       : loaded 2 times (x 73B)
Class org.gradle.internal.classloader.ClassLoaderVisitor                              : loaded 2 times (x 78B)
Class org.gradle.api.internal.classpath.EffectiveClassPath                            : loaded 2 times (x 92B)
Class ijInit2_cll4xykuu0kmfqgncfiwp4fw7$_run_closure1                                 : loaded 2 times (x 140B)
Class org.gradle.api.internal.DefaultClassPathProvider                                : loaded 2 times (x 78B)
Class [Lorg.gradle.api.internal.ClassPathProvider;                                    : loaded 2 times (x 71B)
Class org.gradle.api.internal.ClassPathProvider                                       : loaded 2 times (x 72B)
Class org.gradle.internal.service.UnknownServiceException                             : loaded 2 times (x 85B)
Class org.gradle.internal.classpath.TransformedClassPath                              : loaded 2 times (x 98B)
Class org.gradle.internal.classloader.InstrumentingClassLoader                        : loaded 2 times (x 72B)
Class com.google.common.collect.Iterators$ArrayItr                                    : loaded 2 times (x 99B)
Class GradleDaemonClassLoaderModelPlugin                                              : loaded 2 times (x 98B)
Class ijInit2_cll4xykuu0kmfqgncfiwp4fw7                                               : loaded 2 times (x 173B)
Class kotlin.enums.EnumEntriesList                                                    : loaded 2 times (x 225B)
Class com.google.common.collect.UnmodifiableIterator                                  : loaded 2 times (x 82B)
Class org.gradle.internal.service.ServiceLocator                                      : loaded 2 times (x 72B)
Class com.google.common.collect.Iterators$SingletonIterator                           : loaded 2 times (x 83B)
Class sync_studio_tooling1_4r4dg4pmxee0twggt6qx44b59                                  : loaded 2 times (x 173B)
Class sync_studio_tooling1_4r4dg4pmxee0twggt6qx44b59$_run_closure1                    : loaded 2 times (x 140B)
Class com.google.common.collect.Iterators                                             : loaded 2 times (x 73B)
Class com.google.common.collect.Lists$StringAsImmutableList                           : loaded 2 times (x 209B)
Class org.gradle.internal.time.DefaultTimer                                           : loaded 2 times (x 82B)
Class org.gradle.internal.classloader.ClasspathUtil$1                                 : loaded 2 times (x 78B)
Class org.gradle.api.internal.classpath.DefaultModuleRegistry$DefaultModule           : loaded 2 times (x 88B)
Class com.google.common.collect.AbstractIterator                                      : loaded 2 times (x 84B)
Class com.google.common.collect.AbstractIndexedListIterator                           : loaded 2 times (x 98B)
Class org.gradle.internal.time.DefaultCountdownTimer                                  : loaded 2 times (x 90B)
Class kotlin.Function                                                                 : loaded 2 times (x 72B)
Class org.gradle.api.internal.classpath.Module                                        : loaded 2 times (x 72B)
Class org.gradle.api.internal.classpath.UnknownModuleException                        : loaded 2 times (x 84B)
Class org.gradle.api.internal.DefaultClassPathRegistry                                : loaded 2 times (x 78B)
Class org.gradle.internal.classloader.ClassLoaderHierarchy                            : loaded 2 times (x 72B)
Class org.gradle.internal.classpath.DefaultClassPath$ImmutableUniqueList              : loaded 2 times (x 201B)
Class org.gradle.internal.classpath.ClassPath                                         : loaded 2 times (x 72B)
Class com.google.common.collect.Iterators$1                                           : loaded 2 times (x 83B)
Class kotlin.UninitializedPropertyAccessException                                     : loaded 2 times (x 84B)
Class com.google.common.collect.Iterators$4                                           : loaded 2 times (x 84B)
Class org.gradle.api.internal.classpath.ModuleRegistry                                : loaded 2 times (x 72B)
Class org.gradle.internal.installation.GradleInstallation$1                           : loaded 2 times (x 77B)
Class com.google.common.collect.Iterators$5                                           : loaded 2 times (x 84B)
Class com.google.common.collect.ImmutableCollection                                   : loaded 2 times (x 127B)
Class org.gradle.api.internal.classpath.DefaultModuleRegistry                         : loaded 2 times (x 88B)
Class com.google.common.collect.Lists                                                 : loaded 2 times (x 73B)
Class com.google.common.collect.Iterators$9                                           : loaded 2 times (x 83B)
Class org.gradle.internal.time.MonotonicClock                                         : loaded 2 times (x 79B)
Class org.gradle.internal.service.ServiceLookupException                              : loaded 2 times (x 84B)
Class org.gradle.internal.classloader.ClassLoaderFactory                              : loaded 2 times (x 72B)
Class org.gradle.internal.service.CachingServiceLocator                               : loaded 2 times (x 84B)
Class org.gradle.internal.time.TimeSource                                             : loaded 2 times (x 72B)
Class kotlin.enums.EnumEntries                                                        : loaded 2 times (x 72B)
Class org.gradle.internal.exceptions.ResolutionProvider                               : loaded 2 times (x 72B)
Class org.gradle.internal.classloader.ClasspathUtil                                   : loaded 2 times (x 73B)
Class org.gradle.internal.time.TimeSource$1                                           : loaded 2 times (x 79B)
Class kotlin.jvm.internal.DefaultConstructorMarker                                    : loaded 2 times (x 73B)
Class org.gradle.api.specs.Spec                                                       : loaded 2 times (x 72B)
Class org.gradle.internal.time.Clock                                                  : loaded 2 times (x 72B)
Class kotlin.collections.AbstractList                                                 : loaded 2 times (x 199B)
Class kotlin.collections.AbstractCollection                                           : loaded 2 times (x 119B)
Class org.gradle.internal.classloader.VisitableURLClassLoader$InstrumentingVisitableURLClassLoader: loaded 2 times (x 124B)
Class org.gradle.internal.classloader.VisitableURLClassLoader$Spec                    : loaded 2 times (x 76B)
Class org.gradle.internal.classpath.DefaultClassPath                                  : loaded 2 times (x 92B)
Class org.gradle.util.internal.DefaultGradleVersion                                   : loaded 2 times (x 84B)
Class org.gradle.internal.classloader.ClassLoaderSpec                                 : loaded 2 times (x 73B)
Class org.gradle.internal.classloader.VisitableURLClassLoader                         : loaded 2 times (x 118B)
Class org.gradle.internal.classloader.FilteringClassLoader                            : loaded 2 times (x 106B)
Class org.gradle.internal.Cast                                                        : loaded 2 times (x 73B)
Class kotlin.jvm.functions.Function1                                                  : loaded 2 times (x 72B)
Class org.gradle.internal.classpath.DefaultClassPath$ImmutableUniqueList$Builder      : loaded 2 times (x 77B)
Class org.gradle.api.internal.ClassPathRegistry                                       : loaded 2 times (x 72B)
Class org.gradle.internal.exceptions.NonGradleCauseExceptionsHolder                   : loaded 2 times (x 72B)
Class kotlin.NotImplementedError                                                      : loaded 2 times (x 84B)
Class kotlin.enums.EnumEntriesKt                                                      : loaded 2 times (x 73B)
Class org.gradle.internal.classloader.SystemClassLoaderSpec                           : loaded 2 times (x 73B)
Class org.gradle.internal.exceptions.MultiCauseException                              : loaded 2 times (x 72B)
Class org.gradle.internal.time.CountdownTimer                                         : loaded 2 times (x 72B)
Class kotlin.jvm.internal.Intrinsics                                                  : loaded 2 times (x 73B)
Class org.gradle.tooling.model.ProjectModel                                           : loaded 2 times (x 72B)
Class kotlin.KotlinNullPointerException                                               : loaded 2 times (x 84B)
Class org.gradle.internal.exceptions.DefaultMultiCauseException                       : loaded 2 times (x 97B)
Class com.google.common.base.Preconditions                                            : loaded 2 times (x 73B)
Class com.google.common.collect.PeekingIterator                                       : loaded 2 times (x 72B)
Class org.gradle.internal.time.Time                                                   : loaded 2 times (x 73B)
Class JetGradlePlugin                                                                 : loaded 2 times (x 98B)
Class org.gradle.api.internal.classpath.GlobalCacheRootsProvider                      : loaded 2 times (x 72B)
Class JetGradlePlugin$_apply_closure1                                                 : loaded 2 times (x 141B)
Class kotlin.NoWhenBranchMatchedException                                             : loaded 2 times (x 84B)
Class org.gradle.internal.time.Timer                                                  : loaded 2 times (x 72B)
Class kotlin.jvm.internal.markers.KMappedMarker                                       : loaded 2 times (x 72B)
Class org.gradle.internal.installation.CurrentGradleInstallationLocator               : loaded 2 times (x 73B)
Class com.google.common.collect.ImmutableList                                         : loaded 2 times (x 208B)
Class org.gradle.internal.service.DefaultServiceLocator                               : loaded 2 times (x 85B)
Class org.gradle.util.GradleVersion                                                   : loaded 2 times (x 83B)
Class org.gradle.internal.installation.CurrentGradleInstallation                      : loaded 2 times (x 75B)
Class org.gradle.util.internal.GUtil                                                  : loaded 2 times (x 73B)
Class com.google.common.collect.Iterators$MergingIterator                             : loaded 2 times (x 83B)
Class org.gradle.internal.installation.GradleInstallation                             : loaded 2 times (x 77B)

---------------  S Y S T E M  ---------------

OS:
 Windows 11 , 64 bit Build 26100 (10.0.26100.9444)
OS uptime: 1 days 8:42 hours

CPU: total 4 (initial active 4) (2 cores per cpu, 2 threads per core) family 6 model 126 stepping 5 microcode 0xa6, cx8, cmov, fxsr, ht, mmx, 3dnowpref, sse, sse2, sse3, ssse3, sse4.1, sse4.2, popcnt, lzcnt, tsc, tscinvbit, avx, avx2, aes, erms, clmul, bmi1, bmi2, adx, avx512f, avx512dq, avx512cd, avx512bw, avx512vl, sha, fma, vzeroupper, avx512_vpopcntdq, avx512_vpclmulqdq, avx512_vaes, avx512_vnni, clflush, clflushopt, avx512_vbmi2, avx512_vbmi, rdtscp, rdpid, fsrm, gfni, avx512_bitalg, f16c, pku, avx512_ifma
Processor Information for the first 4 processors :
  Max Mhz: 1190, Current Mhz: 1190, Mhz Limit: 1190

Memory: 4k page, system-wide physical 7934M (162M free)
TotalPageFile size 9982M (AvailPageFile size 32M)
current process WorkingSet (physical memory assigned to process): 624M, peak: 626M
current process commit charge ("private bytes"): 651M, peak: 736M

vm_info: OpenJDK 64-Bit Server VM (25.0.3+-15898627-b508.16) for windows-amd64 JRE (25.0.3+-15898627-b508.16), built on 2026-07-20T17:54:23Z with MS VC++ 16.10 / 16.11 (VS2019)

END.
